"Quantidade de vendas por dia","listItems.itemsId.keyword: Descending",Count
"2019-06-01",9008,605
"2019-06-01",6012,420
"2019-06-01",1050,152
"2019-06-01",7100023,120
"2019-06-01",6011,119
"2019-06-01",2106,108
"2019-06-01",6013,107
"2019-06-01",1804,99
"2019-06-01",30000,71
"2019-06-01",7900006,71
"2019-06-01",2100,52
"2019-06-01",2700,49
"2019-06-01",7100022,47
"2019-06-01",8000007,46
"2019-06-01",7300001,45
"2019-06-01",9058,45
"2019-06-01",7300014,43
"2019-06-01",1700,39
"2019-06-01",6020,38
"2019-06-01",20006,34
"2019-06-01",7100036,34
"2019-06-01",7300024,32
"2019-06-01",8000013,30
"2019-06-01",1052,29
"2019-06-01",20002,29
"2019-06-01",2602,29
"2019-06-01",8000012,29
"2019-06-01",7300015,27
"2019-06-01",8800008,27
"2019-06-01",7700048,26
"2019-06-01",8700020,25
"2019-06-01",7100033,23
"2019-06-01",8000001,23
"2019-06-01",20000,22
"2019-06-01",7700020,22
"2019-06-01",2064,21
"2019-06-01",7100057,20
"2019-06-01",1600,19
"2019-06-01",7100075,19
"2019-06-01",8700017,19
"2019-06-01",8000043,18
"2019-06-01",8000045,18
"2019-06-01",6508,17
"2019-06-01",6522,17
"2019-06-01",7700016,17
"2019-06-01",7700017,15
"2019-06-01",7100021,14
"2019-06-01",7100061,14
"2019-06-01",2604,13
"2019-06-01",7100074,12
"2019-06-01",7700019,12
"2019-06-01",9049,12
"2019-06-01",9103,11
"2019-06-01",2050,10
"2019-06-01",7100060,10
"2019-06-01",7100055,9
"2019-06-01",7100056,9
"2019-06-01",8800010,9
"2019-06-01",9010,9
"2019-06-01",2610,8
"2019-06-01",7100079,8
"2019-06-01",8000032,8
"2019-06-01",2612,7
"2019-06-01",5000413,7
"2019-06-01",7100059,7
"2019-06-01",7100078,7
"2019-06-01",7700050,7
"2019-06-01",9052,7
"2019-06-01",9105,7
"2019-06-01",7100076,6
"2019-06-01",5000074,5
"2019-06-01",6018,5
"2019-06-01",6019,5
"2019-06-01",9106,5
"2019-06-01",7100058,4
"2019-06-01",9013,4
"2019-06-01",6000072,3
"2019-06-01",6017,3
"2019-06-01",7700021,3
"2019-06-01",9055,3
"2019-06-01",20008,2
"2019-06-01",27001,2
"2019-06-01",5000891,2
"2019-06-01",7700049,2
"2019-06-01",8600011,2
"2019-06-01",8600016,2
"2019-06-01",8700004,2
"2019-06-01",8800001,2
"2019-06-01",8800002,2
"2019-06-01",1806,1
"2019-06-01",20007,1
"2019-06-01",2606,1
"2019-06-01",2614,1
"2019-06-01",27002,1
"2019-06-01",7100062,1
"2019-06-01",7300016,1
"2019-06-01",7300018,1
"2019-06-01",7700055,1
"2019-06-01",7700065,1
"2019-06-01",8600010,1
"2019-06-01",8600012,1
"2019-06-01",8700009,1
"2019-06-01",8700019,1
"2019-06-01",9053,1
"2019-06-01",9059,1
"2019-06-02",9008,479
"2019-06-02",6012,354
"2019-06-02",1050,128
"2019-06-02",2106,107
"2019-06-02",6011,96
"2019-06-02",7100023,91
"2019-06-02",1804,79
"2019-06-02",2700,68
"2019-06-02",7300015,56
"2019-06-02",6013,51
"2019-06-02",2602,49
"2019-06-02",30000,42
"2019-06-02",7900006,42
"2019-06-02",7300014,40
"2019-06-02",2100,39
"2019-06-02",1700,36
"2019-06-02",8800008,35
"2019-06-02",20000,32
"2019-06-02",9058,32
"2019-06-02",7300001,31
"2019-06-02",7100022,30
"2019-06-02",8000001,28
"2019-06-02",20006,26
"2019-06-02",7100036,26
"2019-06-02",7700048,26
"2019-06-02",20002,25
"2019-06-02",9010,25
"2019-06-02",1052,24
"2019-06-02",8000007,24
"2019-06-02",7300024,23
"2019-06-02",2604,22
"2019-06-02",6020,22
"2019-06-02",9049,21
"2019-06-02",7100033,20
"2019-06-02",7100055,20
"2019-06-02",8000013,19
"2019-06-02",7700016,18
"2019-06-02",7700020,18
"2019-06-02",2064,17
"2019-06-02",8000012,17
"2019-06-02",8000045,16
"2019-06-02",7100021,15
"2019-06-02",9013,14
"2019-06-02",1600,11
"2019-06-02",6522,11
"2019-06-02",7700017,11
"2019-06-02",8700020,11
"2019-06-02",6508,10
"2019-06-02",7100057,10
"2019-06-02",7100075,10
"2019-06-02",7100079,10
"2019-06-02",8000043,10
"2019-06-02",8700017,10
"2019-06-02",9052,10
"2019-06-02",2050,9
"2019-06-02",7700019,9
"2019-06-02",8800010,8
"2019-06-02",9103,8
"2019-06-02",2612,7
"2019-06-02",5000413,7
"2019-06-02",7100061,7
"2019-06-02",9106,7
"2019-06-02",5000074,6
"2019-06-02",6019,6
"2019-06-02",7700065,6
"2019-06-02",2610,5
"2019-06-02",6000072,5
"2019-06-02",6017,5
"2019-06-02",7100074,5
"2019-06-02",8000032,5
"2019-06-02",6018,4
"2019-06-02",7100056,4
"2019-06-02",7100059,4
"2019-06-02",7100060,4
"2019-06-02",7100078,4
"2019-06-02",7300016,4
"2019-06-02",7300018,4
"2019-06-02",7700050,4
"2019-06-02",9011,4
"2019-06-02",9055,4
"2019-06-02",7100076,3
"2019-06-02",7300025,3
"2019-06-02",7700021,3
"2019-06-02",8000049,3
"2019-06-02",8800001,3
"2019-06-02",8800002,3
"2019-06-02",9014,3
"2019-06-02",5000891,2
"2019-06-02",6021,2
"2019-06-02",7100058,2
"2019-06-02",7300026,2
"2019-06-02",7700058,2
"2019-06-02",8600010,2
"2019-06-02",8700004,2
"2019-06-02",8700009,2
"2019-06-02",9059,2
"2019-06-02",9105,2
"2019-06-02",27001,1
"2019-06-02",27002,1
"2019-06-02",6027,1
"2019-06-02",7100062,1
"2019-06-02",7300022,1
"2019-06-02",7700049,1
"2019-06-02",7700056,1
"2019-06-02",7700057,1
"2019-06-02",7700061,1
"2019-06-02",8000047,1
"2019-06-02",8600011,1
"2019-06-02",8700001,1
"2019-06-02",8700005,1
"2019-06-02",8700010,1
"2019-06-03",9008,282
"2019-06-03",6012,197
"2019-06-03",1050,87
"2019-06-03",6013,46
"2019-06-03",2106,45
"2019-06-03",1804,36
"2019-06-03",7100023,36
"2019-06-03",8800008,34
"2019-06-03",6011,29
"2019-06-03",7300015,24
"2019-06-03",2602,23
"2019-06-03",2700,20
"2019-06-03",1700,19
"2019-06-03",7100036,18
"2019-06-03",7100022,17
"2019-06-03",1052,16
"2019-06-03",7300014,16
"2019-06-03",8700020,15
"2019-06-03",7300001,14
"2019-06-03",8000007,14
"2019-06-03",1600,13
"2019-06-03",2604,12
"2019-06-03",20006,11
"2019-06-03",8000012,11
"2019-06-03",8000013,11
"2019-06-03",7100033,10
"2019-06-03",7300024,10
"2019-06-03",6020,9
"2019-06-03",2100,8
"2019-06-03",6508,8
"2019-06-03",7100061,8
"2019-06-03",7700048,8
"2019-06-03",8000001,8
"2019-06-03",8000045,8
"2019-06-03",8700017,8
"2019-06-03",20000,7
"2019-06-03",2064,7
"2019-06-03",7100075,7
"2019-06-03",7700020,7
"2019-06-03",8000043,7
"2019-06-03",9052,7
"2019-06-03",6522,6
"2019-06-03",7100021,6
"2019-06-03",7100078,6
"2019-06-03",9013,6
"2019-06-03",20002,5
"2019-06-03",2612,5
"2019-06-03",7100056,5
"2019-06-03",7100057,5
"2019-06-03",7100060,5
"2019-06-03",7100074,5
"2019-06-03",9103,5
"2019-06-03",7100055,4
"2019-06-03",7700016,4
"2019-06-03",8000032,4
"2019-06-03",8800001,4
"2019-06-03",8800010,4
"2019-06-03",9010,4
"2019-06-03",30000,3
"2019-06-03",5000074,3
"2019-06-03",6017,3
"2019-06-03",6019,3
"2019-06-03",7100079,3
"2019-06-03",7700021,3
"2019-06-03",7700050,3
"2019-06-03",7900006,3
"2019-06-03",8000049,3
"2019-06-03",9058,3
"2019-06-03",9106,3
"2019-06-03",20008,2
"2019-06-03",2610,2
"2019-06-03",27001,2
"2019-06-03",5000413,2
"2019-06-03",7100058,2
"2019-06-03",7100059,2
"2019-06-03",7700017,2
"2019-06-03",9059,2
"2019-06-03",1806,1
"2019-06-03",2050,1
"2019-06-03",2606,1
"2019-06-03",2614,1
"2019-06-03",6000072,1
"2019-06-03",6018,1
"2019-06-03",6021,1
"2019-06-03",7300005,1
"2019-06-03",7300016,1
"2019-06-03",7700019,1
"2019-06-03",7700055,1
"2019-06-03",7700058,1
"2019-06-03",8600010,1
"2019-06-03",8600016,1
"2019-06-03",8600021,1
"2019-06-03",8800002,1
"2019-06-03",9011,1
"2019-06-03",9049,1
"2019-06-03",9055,1
"2019-06-03",9105,1
"2019-06-04",9008,359
"2019-06-04",6012,234
"2019-06-04",1050,90
"2019-06-04",7100023,67
"2019-06-04",6013,61
"2019-06-04",2700,50
"2019-06-04",2106,49
"2019-06-04",1804,45
"2019-06-04",6011,43
"2019-06-04",7100022,36
"2019-06-04",8000007,35
"2019-06-04",8800008,31
"2019-06-04",6020,30
"2019-06-04",1052,27
"2019-06-04",7300001,27
"2019-06-04",7300014,26
"2019-06-04",8000012,26
"2019-06-04",1700,23
"2019-06-04",7100036,23
"2019-06-04",7300015,20
"2019-06-04",20002,19
"2019-06-04",2602,19
"2019-06-04",7100021,19
"2019-06-04",7100055,17
"2019-06-04",2100,15
"2019-06-04",8000013,15
"2019-06-04",7100033,14
"2019-06-04",7300024,14
"2019-06-04",8000043,14
"2019-06-04",20000,13
"2019-06-04",2604,13
"2019-06-04",20006,12
"2019-06-04",7700048,12
"2019-06-04",1600,11
"2019-06-04",6522,11
"2019-06-04",7100057,11
"2019-06-04",8000001,11
"2019-06-04",2064,10
"2019-06-04",7100060,10
"2019-06-04",8700017,10
"2019-06-04",7100056,9
"2019-06-04",7700016,9
"2019-06-04",8000045,9
"2019-06-04",7100075,8
"2019-06-04",8000049,8
"2019-06-04",9010,8
"2019-06-04",7100079,7
"2019-06-04",7700019,7
"2019-06-04",7700021,7
"2019-06-04",8000032,7
"2019-06-04",9013,7
"2019-06-04",9105,7
"2019-06-04",30000,6
"2019-06-04",7100074,6
"2019-06-04",7700020,6
"2019-06-04",7900006,6
"2019-06-04",8700020,6
"2019-06-04",2612,5
"2019-06-04",7700017,5
"2019-06-04",8800010,5
"2019-06-04",20008,4
"2019-06-04",2610,4
"2019-06-04",7100061,4
"2019-06-04",9058,4
"2019-06-04",9103,4
"2019-06-04",5000413,3
"2019-06-04",7300025,3
"2019-06-04",7700050,3
"2019-06-04",8700010,3
"2019-06-04",8800002,3
"2019-06-04",9049,3
"2019-06-04",9052,3
"2019-06-04",6018,2
"2019-06-04",6508,2
"2019-06-04",7100058,2
"2019-06-04",7300022,2
"2019-06-04",7700049,2
"2019-06-04",8600010,2
"2019-06-04",9106,2
"2019-06-04",2050,1
"2019-06-04",5000891,1
"2019-06-04",6017,1
"2019-06-04",6019,1
"2019-06-04",6021,1
"2019-06-04",7100076,1
"2019-06-04",7100078,1
"2019-06-04",7300016,1
"2019-06-04",7700065,1
"2019-06-04",8600002,1
"2019-06-04",8700001,1
"2019-06-04",8700007,1
"2019-06-04",8700014,1
"2019-06-04",8700022,1
"2019-06-04",8800001,1
"2019-06-04",9011,1
"2019-06-04",9055,1
"2019-06-04",9059,1
"2019-06-05",9008,438
"2019-06-05",6012,315
"2019-06-05",1050,129
"2019-06-05",2106,73
"2019-06-05",7100023,71
"2019-06-05",1804,61
"2019-06-05",6013,57
"2019-06-05",6011,43
"2019-06-05",8800008,42
"2019-06-05",2700,39
"2019-06-05",6020,36
"2019-06-05",1700,31
"2019-06-05",7300014,29
"2019-06-05",7100022,28
"2019-06-05",7100036,27
"2019-06-05",1052,25
"2019-06-05",7300024,21
"2019-06-05",2604,20
"2019-06-05",8000007,20
"2019-06-05",7300015,18
"2019-06-05",7300001,17
"2019-06-05",7100021,16
"2019-06-05",7100033,15
"2019-06-05",8000045,15
"2019-06-05",1600,14
"2019-06-05",20000,14
"2019-06-05",20002,14
"2019-06-05",2100,14
"2019-06-05",20006,12
"2019-06-05",7100057,12
"2019-06-05",8000012,12
"2019-06-05",8000013,12
"2019-06-05",8000043,12
"2019-06-05",7100055,11
"2019-06-05",6522,10
"2019-06-05",7100060,10
"2019-06-05",7100079,10
"2019-06-05",7700017,10
"2019-06-05",8800010,10
"2019-06-05",9010,10
"2019-06-05",7100075,9
"2019-06-05",7100056,8
"2019-06-05",8000001,8
"2019-06-05",8000032,8
"2019-06-05",8000049,8
"2019-06-05",8700017,8
"2019-06-05",8700020,8
"2019-06-05",2064,7
"2019-06-05",5000074,7
"2019-06-05",6508,7
"2019-06-05",7100061,7
"2019-06-05",30000,6
"2019-06-05",7700020,6
"2019-06-05",7900006,6
"2019-06-05",9049,6
"2019-06-05",2602,5
"2019-06-05",5000413,5
"2019-06-05",6000072,5
"2019-06-05",6017,5
"2019-06-05",7100059,5
"2019-06-05",7700016,5
"2019-06-05",7700048,5
"2019-06-05",9058,5
"2019-06-05",20008,4
"2019-06-05",7100074,4
"2019-06-05",7100078,4
"2019-06-05",7700021,4
"2019-06-05",9105,4
"2019-06-05",9106,4
"2019-06-05",6018,3
"2019-06-05",7700019,3
"2019-06-05",7700065,3
"2019-06-05",8700004,3
"2019-06-05",8800001,3
"2019-06-05",9052,3
"2019-06-05",9103,3
"2019-06-05",1806,2
"2019-06-05",27001,2
"2019-06-05",6019,2
"2019-06-05",7100062,2
"2019-06-05",7300016,2
"2019-06-05",8000041,2
"2019-06-05",8800002,2
"2019-06-05",9011,2
"2019-06-05",9055,2
"2019-06-05",2050,1
"2019-06-05",2612,1
"2019-06-05",6021,1
"2019-06-05",7100058,1
"2019-06-05",7300018,1
"2019-06-05",7300022,1
"2019-06-05",7300025,1
"2019-06-05",7700059,1
"2019-06-05",8000037,1
"2019-06-05",8550011,1
"2019-06-05",8600010,1
"2019-06-05",8700009,1
"2019-06-05",8700010,1
"2019-06-05",8700019,1
"2019-06-05",9014,1
"2019-06-05",9059,1
"2019-06-06",9008,473
"2019-06-06",6012,306
"2019-06-06",1050,116
"2019-06-06",1804,99
"2019-06-06",7100023,96
"2019-06-06",6013,88
"2019-06-06",2106,82
"2019-06-06",2700,47
"2019-06-06",8800008,47
"2019-06-06",6011,46
"2019-06-06",7300014,39
"2019-06-06",1700,37
"2019-06-06",7100022,37
"2019-06-06",7100036,35
"2019-06-06",6020,32
"2019-06-06",20002,27
"2019-06-06",7300015,26
"2019-06-06",8000007,26
"2019-06-06",7100033,24
"2019-06-06",8000013,23
"2019-06-06",7300001,19
"2019-06-06",8000043,19
"2019-06-06",7100057,18
"2019-06-06",8000045,18
"2019-06-06",1052,17
"2019-06-06",20006,17
"2019-06-06",7100021,17
"2019-06-06",8000012,17
"2019-06-06",2604,16
"2019-06-06",7100075,16
"2019-06-06",8700020,16
"2019-06-06",2100,15
"2019-06-06",8700017,15
"2019-06-06",20000,14
"2019-06-06",7300024,14
"2019-06-06",8000001,14
"2019-06-06",1600,13
"2019-06-06",7700020,13
"2019-06-06",7700017,12
"2019-06-06",7700016,11
"2019-06-06",8800010,11
"2019-06-06",9010,11
"2019-06-06",2064,10
"2019-06-06",5000074,10
"2019-06-06",7100074,9
"2019-06-06",9049,9
"2019-06-06",2602,8
"2019-06-06",6508,8
"2019-06-06",6522,8
"2019-06-06",8000032,8
"2019-06-06",7100055,7
"2019-06-06",30000,6
"2019-06-06",5000413,6
"2019-06-06",6000072,6
"2019-06-06",6018,6
"2019-06-06",7100056,6
"2019-06-06",7100061,6
"2019-06-06",7700048,6
"2019-06-06",7900006,6
"2019-06-06",9105,6
"2019-06-06",7700019,5
"2019-06-06",8000049,5
"2019-06-06",8600010,5
"2019-06-06",20008,4
"2019-06-06",7100060,4
"2019-06-06",7100079,4
"2019-06-06",9058,4
"2019-06-06",2612,3
"2019-06-06",6019,3
"2019-06-06",7100059,3
"2019-06-06",7100076,3
"2019-06-06",7100078,3
"2019-06-06",8000037,3
"2019-06-06",8000040,3
"2019-06-06",8800001,3
"2019-06-06",9052,3
"2019-06-06",9103,3
"2019-06-06",2610,2
"2019-06-06",6021,2
"2019-06-06",7100058,2
"2019-06-06",7700049,2
"2019-06-06",7700050,2
"2019-06-06",7700062,2
"2019-06-06",8000046,2
"2019-06-06",8700019,2
"2019-06-06",9013,2
"2019-06-06",9014,2
"2019-06-06",9059,2
"2019-06-06",9106,2
"2019-06-06",20007,1
"2019-06-06",2614,1
"2019-06-06",27001,1
"2019-06-06",27002,1
"2019-06-06",6017,1
"2019-06-06",7100062,1
"2019-06-06",7300018,1
"2019-06-06",7700021,1
"2019-06-06",7700055,1
"2019-06-06",8600009,1
"2019-06-06",8600011,1
"2019-06-06",8700001,1
"2019-06-06",8700004,1
"2019-06-06",8700005,1
"2019-06-06",8700006,1
"2019-06-06",8700013,1
"2019-06-06",8700048,1
"2019-06-06",8800002,1
"2019-06-06",9011,1
"2019-06-06",9055,1
"2019-06-07",9008,654
"2019-06-07",6012,462
"2019-06-07",1050,175
"2019-06-07",2106,121
"2019-06-07",1804,115
"2019-06-07",7100023,102
"2019-06-07",6013,98
"2019-06-07",8800008,75
"2019-06-07",2700,74
"2019-06-07",6020,55
"2019-06-07",7300014,54
"2019-06-07",1700,53
"2019-06-07",6011,51
"2019-06-07",1052,45
"2019-06-07",7100022,41
"2019-06-07",20006,40
"2019-06-07",8000007,37
"2019-06-07",7300001,33
"2019-06-07",8700020,33
"2019-06-07",7100036,32
"2019-06-07",1600,31
"2019-06-07",7300015,30
"2019-06-07",2604,29
"2019-06-07",20002,27
"2019-06-07",2100,27
"2019-06-07",8000001,27
"2019-06-07",8700017,25
"2019-06-07",7100033,23
"2019-06-07",20000,22
"2019-06-07",7700020,21
"2019-06-07",8000045,21
"2019-06-07",7100055,18
"2019-06-07",7300024,18
"2019-06-07",7100075,17
"2019-06-07",9010,17
"2019-06-07",6522,16
"2019-06-07",8800010,16
"2019-06-07",7100056,15
"2019-06-07",7100057,13
"2019-06-07",7100061,13
"2019-06-07",2602,12
"2019-06-07",7700017,11
"2019-06-07",7700019,11
"2019-06-07",8000043,11
"2019-06-07",30000,10
"2019-06-07",5000413,10
"2019-06-07",7100078,10
"2019-06-07",7900006,10
"2019-06-07",2064,9
"2019-06-07",7100021,9
"2019-06-07",7700016,9
"2019-06-07",8000012,9
"2019-06-07",8000013,9
"2019-06-07",9103,9
"2019-06-07",9106,9
"2019-06-07",20008,8
"2019-06-07",5000074,8
"2019-06-07",6017,8
"2019-06-07",7100079,8
"2019-06-07",7700048,8
"2019-06-07",9049,8
"2019-06-07",9058,8
"2019-06-07",9105,8
"2019-06-07",2612,7
"2019-06-07",6508,7
"2019-06-07",7100058,7
"2019-06-07",6018,6
"2019-06-07",6019,6
"2019-06-07",7100060,6
"2019-06-07",7300018,6
"2019-06-07",2610,5
"2019-06-07",7100074,5
"2019-06-07",6000072,4
"2019-06-07",7100062,4
"2019-06-07",8000032,4
"2019-06-07",8800002,4
"2019-06-07",9014,4
"2019-06-07",7100059,3
"2019-06-07",7100076,3
"2019-06-07",8000041,3
"2019-06-07",8000047,3
"2019-06-07",8000048,3
"2019-06-07",8000049,3
"2019-06-07",8600010,3
"2019-06-07",8700004,3
"2019-06-07",8700007,3
"2019-06-07",9052,3
"2019-06-07",1806,2
"2019-06-07",27001,2
"2019-06-07",27002,2
"2019-06-07",6021,2
"2019-06-07",7700021,2
"2019-06-07",7700050,2
"2019-06-07",8000037,2
"2019-06-07",8600002,2
"2019-06-07",8800001,2
"2019-06-07",9011,2
"2019-06-07",9055,2
"2019-06-07",2614,1
"2019-06-07",5000076,1
"2019-06-07",7300016,1
"2019-06-07",7300020,1
"2019-06-07",7700065,1
"2019-06-07",8000061,1
"2019-06-07",8700001,1
"2019-06-07",8700005,1
"2019-06-07",8700006,1
"2019-06-07",8700009,1
"2019-06-07",8700010,1
"2019-06-07",8700018,1
"2019-06-07",8700048,1
"2019-06-07",9013,1
"2019-06-07",9104,1
"2019-06-08",9008,710
"2019-06-08",6012,470
"2019-06-08",1050,212
"2019-06-08",6011,133
"2019-06-08",6013,111
"2019-06-08",2106,109
"2019-06-08",1804,108
"2019-06-08",7100023,100
"2019-06-08",7300014,69
"2019-06-08",2100,63
"2019-06-08",2700,63
"2019-06-08",30000,63
"2019-06-08",7900006,63
"2019-06-08",7100022,52
"2019-06-08",1700,49
"2019-06-08",7100036,46
"2019-06-08",7300001,46
"2019-06-08",9058,45
"2019-06-08",8800008,44
"2019-06-08",6020,40
"2019-06-08",8000007,40
"2019-06-08",7700020,32
"2019-06-08",1600,30
"2019-06-08",20006,30
"2019-06-08",1052,29
"2019-06-08",8700020,29
"2019-06-08",7100033,27
"2019-06-08",8700017,25
"2019-06-08",2064,24
"2019-06-08",20000,23
"2019-06-08",7300015,23
"2019-06-08",20002,22
"2019-06-08",7100057,22
"2019-06-08",8000013,21
"2019-06-08",6508,20
"2019-06-08",7100021,19
"2019-06-08",7100079,19
"2019-06-08",7100055,18
"2019-06-08",7100075,18
"2019-06-08",6522,17
"2019-06-08",7300024,17
"2019-06-08",7700016,17
"2019-06-08",8000001,17
"2019-06-08",8000012,17
"2019-06-08",8000045,17
"2019-06-08",2604,16
"2019-06-08",9049,16
"2019-06-08",5000891,15
"2019-06-08",7100060,15
"2019-06-08",7100061,14
"2019-06-08",7700017,14
"2019-06-08",9103,14
"2019-06-08",7700019,13
"2019-06-08",8000040,13
"2019-06-08",8000043,13
"2019-06-08",2050,10
"2019-06-08",2612,10
"2019-06-08",5000074,9
"2019-06-08",7100056,9
"2019-06-08",7100074,9
"2019-06-08",9010,9
"2019-06-08",2610,8
"2019-06-08",6000072,8
"2019-06-08",7100078,8
"2019-06-08",5000413,7
"2019-06-08",6017,7
"2019-06-08",6018,7
"2019-06-08",8800010,7
"2019-06-08",2602,6
"2019-06-08",7100058,6
"2019-06-08",7100059,5
"2019-06-08",7100062,5
"2019-06-08",7300018,5
"2019-06-08",7700021,5
"2019-06-08",9013,5
"2019-06-08",9105,5
"2019-06-08",1806,4
"2019-06-08",9052,4
"2019-06-08",6019,3
"2019-06-08",7100076,3
"2019-06-08",8000049,3
"2019-06-08",8800001,3
"2019-06-08",8800002,3
"2019-06-08",9106,3
"2019-06-08",20008,2
"2019-06-08",2614,2
"2019-06-08",27002,2
"2019-06-08",6021,2
"2019-06-08",7300021,2
"2019-06-08",7700048,2
"2019-06-08",7700059,2
"2019-06-08",8000041,2
"2019-06-08",8000046,2
"2019-06-08",8600010,2
"2019-06-08",8700011,2
"2019-06-08",8700013,2
"2019-06-08",9011,2
"2019-06-08",20007,1
"2019-06-08",27001,1
"2019-06-08",6027,1
"2019-06-08",7700049,1
"2019-06-08",7700050,1
"2019-06-08",7700058,1
"2019-06-08",7700063,1
"2019-06-08",7700065,1
"2019-06-08",8000037,1
"2019-06-08",8000047,1
"2019-06-08",8000061,1
"2019-06-08",8600009,1
"2019-06-08",8600012,1
"2019-06-08",8700012,1
"2019-06-08",9055,1
"2019-06-08",9101,1
"2019-06-09",9008,508
"2019-06-09",6012,357
"2019-06-09",1050,155
"2019-06-09",1804,96
"2019-06-09",6013,84
"2019-06-09",7100023,78
"2019-06-09",2106,75
"2019-06-09",6011,61
"2019-06-09",1700,53
"2019-06-09",2700,52
"2019-06-09",7300014,51
"2019-06-09",6020,39
"2019-06-09",7300001,33
"2019-06-09",30000,31
"2019-06-09",7900006,31
"2019-06-09",2100,30
"2019-06-09",20002,29
"2019-06-09",7700020,29
"2019-06-09",8000007,29
"2019-06-09",8800008,29
"2019-06-09",1052,28
"2019-06-09",8000013,27
"2019-06-09",20000,26
"2019-06-09",7300015,26
"2019-06-09",7100022,25
"2019-06-09",8700020,24
"2019-06-09",2604,23
"2019-06-09",7100036,23
"2019-06-09",7100057,22
"2019-06-09",7300024,21
"2019-06-09",1600,20
"2019-06-09",9058,20
"2019-06-09",20006,19
"2019-06-09",7100033,17
"2019-06-09",7100061,17
"2019-06-09",8700017,17
"2019-06-09",8800010,17
"2019-06-09",7100055,16
"2019-06-09",8000012,16
"2019-06-09",7100060,15
"2019-06-09",7100021,14
"2019-06-09",6508,13
"2019-06-09",7100075,12
"2019-06-09",9010,12
"2019-06-09",7100079,11
"2019-06-09",7700016,11
"2019-06-09",2064,10
"2019-06-09",6522,9
"2019-06-09",7100078,9
"2019-06-09",8000001,9
"2019-06-09",8000043,9
"2019-06-09",9106,9
"2019-06-09",2610,8
"2019-06-09",7100074,8
"2019-06-09",7700017,8
"2019-06-09",8000040,8
"2019-06-09",8000045,8
"2019-06-09",9103,8
"2019-06-09",7100056,7
"2019-06-09",2602,6
"2019-06-09",2612,6
"2019-06-09",5000074,6
"2019-06-09",2050,5
"2019-06-09",5000413,5
"2019-06-09",6019,5
"2019-06-09",7700019,5
"2019-06-09",7700021,5
"2019-06-09",9011,5
"2019-06-09",6000072,4
"2019-06-09",6017,4
"2019-06-09",7300018,4
"2019-06-09",8000041,4
"2019-06-09",9049,4
"2019-06-09",27002,3
"2019-06-09",7100058,3
"2019-06-09",7100059,3
"2019-06-09",8000046,3
"2019-06-09",8800001,3
"2019-06-09",9059,3
"2019-06-09",20008,2
"2019-06-09",2606,2
"2019-06-09",5000891,2
"2019-06-09",7100062,2
"2019-06-09",7700048,2
"2019-06-09",7700058,2
"2019-06-09",8000048,2
"2019-06-09",8000049,2
"2019-06-09",8700019,2
"2019-06-09",8800002,2
"2019-06-09",9013,2
"2019-06-09",9052,2
"2019-06-09",9101,2
"2019-06-09",1806,1
"2019-06-09",27001,1
"2019-06-09",6018,1
"2019-06-09",7300021,1
"2019-06-09",7300022,1
"2019-06-09",7700049,1
"2019-06-09",7700050,1
"2019-06-09",7700057,1
"2019-06-09",7700059,1
"2019-06-09",7700061,1
"2019-06-09",8000047,1
"2019-06-09",8000061,1
"2019-06-09",8550011,1
"2019-06-09",8600008,1
"2019-06-09",8600010,1
"2019-06-09",8700001,1
"2019-06-09",8700005,1
"2019-06-09",8700006,1
"2019-06-09",8700007,1
"2019-06-09",8700010,1
"2019-06-09",8700011,1
"2019-06-09",8700012,1
"2019-06-09",8700014,1
"2019-06-09",8700047,1
"2019-06-10",9008,385
"2019-06-10",6012,240
"2019-06-10",1050,123
"2019-06-10",6013,74
"2019-06-10",1804,60
"2019-06-10",2106,55
"2019-06-10",6011,55
"2019-06-10",7100023,55
"2019-06-10",2700,37
"2019-06-10",8000007,35
"2019-06-10",7100022,33
"2019-06-10",7100036,25
"2019-06-10",7300014,25
"2019-06-10",6020,24
"2019-06-10",8800008,23
"2019-06-10",1052,22
"2019-06-10",1700,20
"2019-06-10",8000012,19
"2019-06-10",20006,18
"2019-06-10",7300015,18
"2019-06-10",8000013,17
"2019-06-10",7100021,16
"2019-06-10",2100,15
"2019-06-10",8000045,15
"2019-06-10",7100033,14
"2019-06-10",7700020,14
"2019-06-10",8000001,14
"2019-06-10",8000043,14
"2019-06-10",7300001,13
"2019-06-10",7300024,13
"2019-06-10",8700020,13
"2019-06-10",2064,11
"2019-06-10",30000,11
"2019-06-10",7100057,11
"2019-06-10",7900006,11
"2019-06-10",20000,10
"2019-06-10",2604,10
"2019-06-10",7100055,10
"2019-06-10",8700017,9
"2019-06-10",7100060,8
"2019-06-10",7100074,8
"2019-06-10",7100079,8
"2019-06-10",7700017,8
"2019-06-10",8800010,8
"2019-06-10",1600,7
"2019-06-10",20002,7
"2019-06-10",2612,7
"2019-06-10",6522,7
"2019-06-10",7100056,7
"2019-06-10",7100061,7
"2019-06-10",7700019,7
"2019-06-10",9058,7
"2019-06-10",6508,6
"2019-06-10",7700016,6
"2019-06-10",2602,5
"2019-06-10",5000891,5
"2019-06-10",5000074,4
"2019-06-10",6018,4
"2019-06-10",7100076,4
"2019-06-10",7300022,4
"2019-06-10",9010,4
"2019-06-10",9013,4
"2019-06-10",9052,4
"2019-06-10",9105,4
"2019-06-10",5000413,3
"2019-06-10",6017,3
"2019-06-10",7100075,3
"2019-06-10",7100078,3
"2019-06-10",9049,3
"2019-06-10",9103,3
"2019-06-10",20007,2
"2019-06-10",20008,2
"2019-06-10",2610,2
"2019-06-10",6019,2
"2019-06-10",7300016,2
"2019-06-10",8000041,2
"2019-06-10",8000048,2
"2019-06-10",8700004,2
"2019-06-10",8800002,2
"2019-06-10",9059,2
"2019-06-10",9106,2
"2019-06-10",1806,1
"2019-06-10",2050,1
"2019-06-10",27002,1
"2019-06-10",6021,1
"2019-06-10",6027,1
"2019-06-10",6028,1
"2019-06-10",7100058,1
"2019-06-10",7300018,1
"2019-06-10",7300021,1
"2019-06-10",7700021,1
"2019-06-10",7700048,1
"2019-06-10",7700057,1
"2019-06-10",7700058,1
"2019-06-10",8000037,1
"2019-06-10",8000040,1
"2019-06-10",8000049,1
"2019-06-10",8600002,1
"2019-06-10",8700005,1
"2019-06-10",8700019,1
"2019-06-10",8800001,1
"2019-06-10",9014,1
"2019-06-11",9008,451
"2019-06-11",6012,318
"2019-06-11",7100023,107
"2019-06-11",1050,100
"2019-06-11",2106,94
"2019-06-11",1804,74
"2019-06-11",6011,60
"2019-06-11",6013,55
"2019-06-11",2700,47
"2019-06-11",7100022,39
"2019-06-11",8000007,39
"2019-06-11",8800008,39
"2019-06-11",1700,35
"2019-06-11",7300014,34
"2019-06-11",20002,26
"2019-06-11",8000012,26
"2019-06-11",7300024,24
"2019-06-11",7100036,23
"2019-06-11",1052,20
"2019-06-11",1600,18
"2019-06-11",8000001,18
"2019-06-11",2100,17
"2019-06-11",2604,17
"2019-06-11",6020,17
"2019-06-11",20006,16
"2019-06-11",6522,15
"2019-06-11",20000,14
"2019-06-11",7700020,14
"2019-06-11",8700017,14
"2019-06-11",8000013,13
"2019-06-11",8000043,13
"2019-06-11",8000045,13
"2019-06-11",8700020,13
"2019-06-11",30000,12
"2019-06-11",7100021,12
"2019-06-11",7900006,12
"2019-06-11",7300001,11
"2019-06-11",7100033,10
"2019-06-11",7100079,10
"2019-06-11",9058,10
"2019-06-11",5000074,9
"2019-06-11",7100057,9
"2019-06-11",2064,8
"2019-06-11",7100078,8
"2019-06-11",7300015,8
"2019-06-11",2602,7
"2019-06-11",6508,7
"2019-06-11",7100074,7
"2019-06-11",7700016,7
"2019-06-11",7700017,7
"2019-06-11",7700019,7
"2019-06-11",8800010,7
"2019-06-11",2612,6
"2019-06-11",7100055,6
"2019-06-11",7100056,6
"2019-06-11",7100061,6
"2019-06-11",7100075,6
"2019-06-11",8000040,6
"2019-06-11",5000413,5
"2019-06-11",7300018,5
"2019-06-11",7300025,5
"2019-06-11",6000072,4
"2019-06-11",6017,4
"2019-06-11",6019,4
"2019-06-11",8800001,4
"2019-06-11",9049,4
"2019-06-11",7100060,3
"2019-06-11",7700021,3
"2019-06-11",8000041,3
"2019-06-11",9013,3
"2019-06-11",9059,3
"2019-06-11",9105,3
"2019-06-11",2050,2
"2019-06-11",2610,2
"2019-06-11",27002,2
"2019-06-11",5000076,2
"2019-06-11",6021,2
"2019-06-11",8800002,2
"2019-06-11",9052,2
"2019-06-11",20008,1
"2019-06-11",5000891,1
"2019-06-11",6018,1
"2019-06-11",7100058,1
"2019-06-11",7100059,1
"2019-06-11",7100062,1
"2019-06-11",7100076,1
"2019-06-11",7300021,1
"2019-06-11",7300022,1
"2019-06-11",7700048,1
"2019-06-11",7700063,1
"2019-06-11",7700067,1
"2019-06-11",8000032,1
"2019-06-11",8000061,1
"2019-06-11",8550011,1
"2019-06-11",8600011,1
"2019-06-11",8600012,1
"2019-06-11",8700004,1
"2019-06-11",8700006,1
"2019-06-11",8700009,1
"2019-06-11",8700010,1
"2019-06-11",8700014,1
"2019-06-11",8800009,1
"2019-06-11",9010,1
"2019-06-11",9011,1
"2019-06-11",9103,1
"2019-06-11",9106,1
"2019-06-12",9008,519
"2019-06-12",6012,352
"2019-06-12",1804,121
"2019-06-12",2106,114
"2019-06-12",1050,102
"2019-06-12",7100023,94
"2019-06-12",6013,81
"2019-06-12",2700,60
"2019-06-12",6011,54
"2019-06-12",8800008,48
"2019-06-12",1700,47
"2019-06-12",6020,44
"2019-06-12",7300014,43
"2019-06-12",7300015,38
"2019-06-12",8000007,38
"2019-06-12",7100022,36
"2019-06-12",7300001,31
"2019-06-12",7100036,29
"2019-06-12",8000045,29
"2019-06-12",20006,28
"2019-06-12",8700017,26
"2019-06-12",20002,24
"2019-06-12",7100021,23
"2019-06-12",8000012,23
"2019-06-12",8700020,22
"2019-06-12",2604,21
"2019-06-12",7100057,21
"2019-06-12",8000013,21
"2019-06-12",1052,20
"2019-06-12",7700020,20
"2019-06-12",8000043,20
"2019-06-12",1600,19
"2019-06-12",7300024,18
"2019-06-12",9010,18
"2019-06-12",20000,15
"2019-06-12",6522,14
"2019-06-12",7100033,14
"2019-06-12",7700016,13
"2019-06-12",8000001,13
"2019-06-12",2612,11
"2019-06-12",7100061,11
"2019-06-12",7100074,11
"2019-06-12",7100075,11
"2019-06-12",7100079,11
"2019-06-12",9013,11
"2019-06-12",2602,10
"2019-06-12",7100078,10
"2019-06-12",7700017,10
"2019-06-12",8000040,10
"2019-06-12",30000,9
"2019-06-12",7100060,9
"2019-06-12",7900006,9
"2019-06-12",2100,8
"2019-06-12",2610,8
"2019-06-12",8800010,8
"2019-06-12",9058,8
"2019-06-12",2064,7
"2019-06-12",5000891,7
"2019-06-12",9106,7
"2019-06-12",20008,6
"2019-06-12",7100058,6
"2019-06-12",8800002,6
"2019-06-12",5000074,5
"2019-06-12",7100055,5
"2019-06-12",7700019,5
"2019-06-12",9052,5
"2019-06-12",6017,4
"2019-06-12",7100056,4
"2019-06-12",7700021,4
"2019-06-12",9103,4
"2019-06-12",9105,4
"2019-06-12",5000413,3
"2019-06-12",6000072,3
"2019-06-12",6018,3
"2019-06-12",6019,3
"2019-06-12",6508,3
"2019-06-12",7300018,3
"2019-06-12",7300022,3
"2019-06-12",8800001,3
"2019-06-12",1806,2
"2019-06-12",7100062,2
"2019-06-12",8000061,2
"2019-06-12",8550011,2
"2019-06-12",8600011,2
"2019-06-12",9049,2
"2019-06-12",9055,2
"2019-06-12",2050,1
"2019-06-12",5000076,1
"2019-06-12",6021,1
"2019-06-12",6025,1
"2019-06-12",7100059,1
"2019-06-12",7100076,1
"2019-06-12",7300016,1
"2019-06-12",7700055,1
"2019-06-12",8000041,1
"2019-06-12",8000046,1
"2019-06-12",8000048,1
"2019-06-12",8600009,1
"2019-06-12",8600010,1
"2019-06-12",8600016,1
"2019-06-12",9011,1
"2019-06-12",9059,1
"2019-06-13",9008,450
"2019-06-13",6012,311
"2019-06-13",2106,117
"2019-06-13",7100023,99
"2019-06-13",1050,96
"2019-06-13",1804,76
"2019-06-13",6011,63
"2019-06-13",6013,62
"2019-06-13",2700,60
"2019-06-13",1700,47
"2019-06-13",8800008,45
"2019-06-13",6020,38
"2019-06-13",7100022,34
"2019-06-13",7300014,30
"2019-06-13",20006,29
"2019-06-13",7100036,29
"2019-06-13",1052,26
"2019-06-13",1600,26
"2019-06-13",7100021,24
"2019-06-13",2100,23
"2019-06-13",8000007,23
"2019-06-13",20002,19
"2019-06-13",8700017,19
"2019-06-13",30000,18
"2019-06-13",7900006,18
"2019-06-13",2064,17
"2019-06-13",7300024,17
"2019-06-13",7300015,16
"2019-06-13",7100033,14
"2019-06-13",20000,13
"2019-06-13",6522,13
"2019-06-13",7100075,13
"2019-06-13",7700020,13
"2019-06-13",9058,13
"2019-06-13",7100057,12
"2019-06-13",7300001,12
"2019-06-13",8700020,12
"2019-06-13",9103,11
"2019-06-13",2604,10
"2019-06-13",7100078,10
"2019-06-13",8000001,10
"2019-06-13",5000413,9
"2019-06-13",7100060,9
"2019-06-13",7100061,9
"2019-06-13",7700016,9
"2019-06-13",6000072,8
"2019-06-13",7100079,8
"2019-06-13",7700017,8
"2019-06-13",8000043,8
"2019-06-13",9010,8
"2019-06-13",2602,7
"2019-06-13",6508,7
"2019-06-13",9106,7
"2019-06-13",2612,6
"2019-06-13",7300018,6
"2019-06-13",7300022,6
"2019-06-13",6018,5
"2019-06-13",7100056,5
"2019-06-13",7700019,5
"2019-06-13",8000013,5
"2019-06-13",8000045,5
"2019-06-13",9013,5
"2019-06-13",20008,4
"2019-06-13",5000891,4
"2019-06-13",6017,4
"2019-06-13",7100055,4
"2019-06-13",7100059,4
"2019-06-13",8000040,4
"2019-06-13",8700004,4
"2019-06-13",9049,4
"2019-06-13",9052,4
"2019-06-13",2050,3
"2019-06-13",5000074,3
"2019-06-13",6019,3
"2019-06-13",7100058,3
"2019-06-13",7100074,3
"2019-06-13",8000046,3
"2019-06-13",8800010,3
"2019-06-13",9105,3
"2019-06-13",5000076,2
"2019-06-13",6025,2
"2019-06-13",7100062,2
"2019-06-13",7300016,2
"2019-06-13",7300025,2
"2019-06-13",7700021,2
"2019-06-13",8800001,2
"2019-06-13",8800002,2
"2019-06-13",9011,2
"2019-06-13",1806,1
"2019-06-13",2610,1
"2019-06-13",27001,1
"2019-06-13",27002,1
"2019-06-13",7300021,1
"2019-06-13",7700055,1
"2019-06-13",8000012,1
"2019-06-13",8000041,1
"2019-06-13",8000061,1
"2019-06-13",8550011,1
"2019-06-13",8600011,1
"2019-06-13",8700002,1
"2019-06-13",8700006,1
"2019-06-13",8700007,1
"2019-06-13",8700011,1
"2019-06-13",9014,1
"2019-06-13",9055,1
"2019-06-14",9008,521
"2019-06-14",6012,367
"2019-06-14",1050,128
"2019-06-14",2106,92
"2019-06-14",1804,78
"2019-06-14",7100023,77
"2019-06-14",6013,69
"2019-06-14",6011,65
"2019-06-14",7100022,56
"2019-06-14",8000007,53
"2019-06-14",1700,51
"2019-06-14",2700,45
"2019-06-14",20006,37
"2019-06-14",7300014,35
"2019-06-14",8800008,35
"2019-06-14",1052,32
"2019-06-14",6020,29
"2019-06-14",7100021,29
"2019-06-14",1600,28
"2019-06-14",2100,26
"2019-06-14",8000001,25
"2019-06-14",7100036,23
"2019-06-14",7300015,23
"2019-06-14",7300001,21
"2019-06-14",20000,20
"2019-06-14",2064,19
"2019-06-14",30000,19
"2019-06-14",7100033,19
"2019-06-14",7900006,19
"2019-06-14",7300024,18
"2019-06-14",8000043,18
"2019-06-14",8700020,18
"2019-06-14",20002,17
"2019-06-14",8000045,17
"2019-06-14",6522,16
"2019-06-14",7100057,16
"2019-06-14",7100074,15
"2019-06-14",7100075,15
"2019-06-14",2604,14
"2019-06-14",8700017,14
"2019-06-14",9010,14
"2019-06-14",9058,14
"2019-06-14",7100079,13
"2019-06-14",7700020,13
"2019-06-14",7300018,12
"2019-06-14",7700016,10
"2019-06-14",2602,9
"2019-06-14",7100078,9
"2019-06-14",7700017,9
"2019-06-14",5000413,8
"2019-06-14",6017,8
"2019-06-14",7100056,8
"2019-06-14",7100061,8
"2019-06-14",9103,8
"2019-06-14",9106,8
"2019-06-14",6018,7
"2019-06-14",20008,6
"2019-06-14",2610,6
"2019-06-14",2612,6
"2019-06-14",5000074,6
"2019-06-14",6508,6
"2019-06-14",8800010,6
"2019-06-14",7700021,5
"2019-06-14",6000072,4
"2019-06-14",6019,4
"2019-06-14",7100055,4
"2019-06-14",7100058,4
"2019-06-14",7700019,4
"2019-06-14",8800001,4
"2019-06-14",9052,4
"2019-06-14",9105,4
"2019-06-14",2050,3
"2019-06-14",7100060,3
"2019-06-14",8000040,3
"2019-06-14",8600010,3
"2019-06-14",9011,3
"2019-06-14",9013,3
"2019-06-14",9049,3
"2019-06-14",9059,3
"2019-06-14",5000891,2
"2019-06-14",6021,2
"2019-06-14",7100059,2
"2019-06-14",7100062,2
"2019-06-14",7100076,2
"2019-06-14",7300016,2
"2019-06-14",7300025,2
"2019-06-14",8000041,2
"2019-06-14",8000046,2
"2019-06-14",8000061,2
"2019-06-14",8600009,2
"2019-06-14",8700004,2
"2019-06-14",8800002,2
"2019-06-14",2606,1
"2019-06-14",2614,1
"2019-06-14",27001,1
"2019-06-14",27002,1
"2019-06-14",5000076,1
"2019-06-14",6025,1
"2019-06-14",7300022,1
"2019-06-14",7700057,1
"2019-06-14",8000012,1
"2019-06-14",8000013,1
"2019-06-14",8000037,1
"2019-06-14",8600011,1
"2019-06-14",8600016,1
"2019-06-14",8700001,1
"2019-06-14",8700006,1
"2019-06-14",8700007,1
"2019-06-14",8700019,1
"2019-06-15",9008,689
"2019-06-15",6012,505
"2019-06-15",1050,155
"2019-06-15",7100023,144
"2019-06-15",2106,141
"2019-06-15",1804,132
"2019-06-15",6013,95
"2019-06-15",6011,93
"2019-06-15",7100022,69
"2019-06-15",7300014,56
"2019-06-15",1700,53
"2019-06-15",7300001,51
"2019-06-15",2100,48
"2019-06-15",8000007,43
"2019-06-15",30000,39
"2019-06-15",7900006,39
"2019-06-15",20000,38
"2019-06-15",7100036,37
"2019-06-15",20002,36
"2019-06-15",8800008,34
"2019-06-15",8700020,33
"2019-06-15",2064,32
"2019-06-15",2604,32
"2019-06-15",9058,32
"2019-06-15",1600,31
"2019-06-15",2700,31
"2019-06-15",20006,30
"2019-06-15",6020,30
"2019-06-15",7100021,30
"2019-06-15",7100075,28
"2019-06-15",7300024,26
"2019-06-15",7700020,26
"2019-06-15",1052,22
"2019-06-15",7100033,22
"2019-06-15",7100057,22
"2019-06-15",8000012,22
"2019-06-15",8000043,22
"2019-06-15",8700017,22
"2019-06-15",6522,21
"2019-06-15",8000001,20
"2019-06-15",8000045,19
"2019-06-15",7700048,18
"2019-06-15",9049,17
"2019-06-15",6508,16
"2019-06-15",7100079,14
"2019-06-15",7700016,14
"2019-06-15",8000013,14
"2019-06-15",7700019,13
"2019-06-15",2602,12
"2019-06-15",7100061,12
"2019-06-15",7300015,12
"2019-06-15",2612,11
"2019-06-15",7100055,11
"2019-06-15",7100056,11
"2019-06-15",7100078,11
"2019-06-15",7700017,11
"2019-06-15",5000074,9
"2019-06-15",7100060,9
"2019-06-15",9010,9
"2019-06-15",5000413,8
"2019-06-15",6000072,8
"2019-06-15",7100074,8
"2019-06-15",8000032,8
"2019-06-15",8800010,8
"2019-06-15",9105,8
"2019-06-15",6017,7
"2019-06-15",7700021,7
"2019-06-15",8000040,7
"2019-06-15",2050,6
"2019-06-15",7100058,6
"2019-06-15",9103,5
"2019-06-15",9106,5
"2019-06-15",2610,4
"2019-06-15",7300018,4
"2019-06-15",8000037,4
"2019-06-15",8000047,4
"2019-06-15",9052,4
"2019-06-15",5000891,3
"2019-06-15",6018,3
"2019-06-15",6019,3
"2019-06-15",7700050,3
"2019-06-15",20008,2
"2019-06-15",2614,2
"2019-06-15",7700058,2
"2019-06-15",8000041,2
"2019-06-15",8000046,2
"2019-06-15",8600010,2
"2019-06-15",8800001,2
"2019-06-15",8800002,2
"2019-06-15",5000076,1
"2019-06-15",6021,1
"2019-06-15",7100059,1
"2019-06-15",7100062,1
"2019-06-15",7100076,1
"2019-06-15",7300016,1
"2019-06-15",7300022,1
"2019-06-15",7700049,1
"2019-06-15",7700059,1
"2019-06-15",8000048,1
"2019-06-15",8000061,1
"2019-06-15",8600011,1
"2019-06-15",8600021,1
"2019-06-15",8700005,1
"2019-06-15",9011,1
"2019-06-15",9059,1
"2019-06-15",9101,1
"2019-06-15",9102,1
"2019-06-16",9008,422
"2019-06-16",6012,288
"2019-06-16",2106,116
"2019-06-16",1050,112
"2019-06-16",1804,85
"2019-06-16",7100023,79
"2019-06-16",6011,68
"2019-06-16",6013,64
"2019-06-16",7100022,51
"2019-06-16",7300014,45
"2019-06-16",1600,41
"2019-06-16",1700,37
"2019-06-16",20002,35
"2019-06-16",20000,33
"2019-06-16",2100,32
"2019-06-16",7100036,32
"2019-06-16",20006,31
"2019-06-16",7300024,30
"2019-06-16",1052,29
"2019-06-16",30000,29
"2019-06-16",7900006,29
"2019-06-16",7100021,28
"2019-06-16",7300001,27
"2019-06-16",8700017,26
"2019-06-16",8800008,26
"2019-06-16",6020,25
"2019-06-16",8700020,24
"2019-06-16",2064,23
"2019-06-16",7300015,20
"2019-06-16",8000012,20
"2019-06-16",8000043,20
"2019-06-16",9058,20
"2019-06-16",7700048,19
"2019-06-16",8000013,19
"2019-06-16",8000045,19
"2019-06-16",2604,18
"2019-06-16",7100033,17
"2019-06-16",8000007,17
"2019-06-16",7100079,16
"2019-06-16",7700020,13
"2019-06-16",9010,12
"2019-06-16",6508,11
"2019-06-16",7700016,10
"2019-06-16",7700017,10
"2019-06-16",8000001,10
"2019-06-16",9049,10
"2019-06-16",6522,9
"2019-06-16",7100055,9
"2019-06-16",7100075,9
"2019-06-16",2612,8
"2019-06-16",6000072,8
"2019-06-16",7300018,8
"2019-06-16",7100056,7
"2019-06-16",7100057,7
"2019-06-16",8000032,7
"2019-06-16",8000047,7
"2019-06-16",2050,6
"2019-06-16",5000074,6
"2019-06-16",6017,6
"2019-06-16",7100060,6
"2019-06-16",7100061,6
"2019-06-16",6019,5
"2019-06-16",8800001,5
"2019-06-16",8800010,5
"2019-06-16",9103,5
"2019-06-16",5000413,4
"2019-06-16",7100078,4
"2019-06-16",7700019,4
"2019-06-16",7700050,4
"2019-06-16",9052,4
"2019-06-16",9105,4
"2019-06-16",9106,4
"2019-06-16",2610,3
"2019-06-16",27001,3
"2019-06-16",7300016,3
"2019-06-16",7700058,3
"2019-06-16",7700062,3
"2019-06-16",8000037,3
"2019-06-16",9011,3
"2019-06-16",9014,3
"2019-06-16",2602,2
"2019-06-16",7100058,2
"2019-06-16",7100062,2
"2019-06-16",7100074,2
"2019-06-16",7100076,2
"2019-06-16",7700021,2
"2019-06-16",8000040,2
"2019-06-16",8000041,2
"2019-06-16",8000046,2
"2019-06-16",8000061,2
"2019-06-16",8800002,2
"2019-06-16",9013,2
"2019-06-16",1806,1
"2019-06-16",2700,1
"2019-06-16",3102,1
"2019-06-16",6021,1
"2019-06-16",7100059,1
"2019-06-16",7700056,1
"2019-06-16",7700059,1
"2019-06-16",7700061,1
"2019-06-16",8000048,1
"2019-06-16",8600002,1
"2019-06-16",8600010,1
"2019-06-16",8700006,1
"2019-06-16",9055,1
"2019-06-17",9008,300
"2019-06-17",6012,215
"2019-06-17",1050,72
"2019-06-17",2106,67
"2019-06-17",7100023,67
"2019-06-17",1804,51
"2019-06-17",7100022,49
"2019-06-17",6011,45
"2019-06-17",6013,33
"2019-06-17",7100021,30
"2019-06-17",1700,23
"2019-06-17",20002,21
"2019-06-17",7100036,21
"2019-06-17",1600,18
"2019-06-17",2700,18
"2019-06-17",8000007,18
"2019-06-17",8800008,18
"2019-06-17",2100,17
"2019-06-17",8000012,17
"2019-06-17",8000043,17
"2019-06-17",20000,16
"2019-06-17",6020,16
"2019-06-17",7300014,16
"2019-06-17",20006,14
"2019-06-17",7300001,14
"2019-06-17",7300015,14
"2019-06-17",8000013,13
"2019-06-17",2064,12
"2019-06-17",7100033,12
"2019-06-17",7100079,12
"2019-06-17",7300024,12
"2019-06-17",8000001,12
"2019-06-17",8000045,12
"2019-06-17",1052,11
"2019-06-17",7100078,10
"2019-06-17",30000,9
"2019-06-17",7900006,9
"2019-06-17",8700017,9
"2019-06-17",8700020,9
"2019-06-17",7100061,8
"2019-06-17",7700020,8
"2019-06-17",7100057,7
"2019-06-17",7300018,7
"2019-06-17",7700017,7
"2019-06-17",9010,7
"2019-06-17",2604,6
"2019-06-17",6508,6
"2019-06-17",7100060,6
"2019-06-17",7100075,6
"2019-06-17",2612,5
"2019-06-17",6522,5
"2019-06-17",7100056,5
"2019-06-17",7700048,5
"2019-06-17",8800001,5
"2019-06-17",8800010,5
"2019-06-17",9049,5
"2019-06-17",9058,5
"2019-06-17",6000072,4
"2019-06-17",7100058,4
"2019-06-17",9013,4
"2019-06-17",2602,3
"2019-06-17",2610,3
"2019-06-17",5000074,3
"2019-06-17",6017,3
"2019-06-17",7100055,3
"2019-06-17",7100074,3
"2019-06-17",7300016,3
"2019-06-17",7700016,3
"2019-06-17",7700019,3
"2019-06-17",8600010,3
"2019-06-17",9052,3
"2019-06-17",9106,3
"2019-06-17",1806,2
"2019-06-17",5000413,2
"2019-06-17",6019,2
"2019-06-17",7100076,2
"2019-06-17",7700021,2
"2019-06-17",7700050,2
"2019-06-17",8000032,2
"2019-06-17",8600016,2
"2019-06-17",8800002,2
"2019-06-17",27002,1
"2019-06-17",6021,1
"2019-06-17",7100062,1
"2019-06-17",7700059,1
"2019-06-17",8000037,1
"2019-06-17",8000040,1
"2019-06-17",8000046,1
"2019-06-17",8000047,1
"2019-06-17",8700004,1
"2019-06-17",9011,1
"2019-06-17",9014,1
"2019-06-17",9103,1
"2019-06-18",9008,320
"2019-06-18",6012,221
"2019-06-18",2106,63
"2019-06-18",1050,61
"2019-06-18",7100023,58
"2019-06-18",7100022,55
"2019-06-18",6011,54
"2019-06-18",1804,44
"2019-06-18",6013,41
"2019-06-18",2700,40
"2019-06-18",1700,30
"2019-06-18",7100036,30
"2019-06-18",8000007,27
"2019-06-18",8800008,25
"2019-06-18",7100021,20
"2019-06-18",20006,19
"2019-06-18",7300024,18
"2019-06-18",8000043,18
"2019-06-18",7100033,17
"2019-06-18",20000,16
"2019-06-18",8000012,16
"2019-06-18",8000013,16
"2019-06-18",7300001,15
"2019-06-18",7300014,15
"2019-06-18",2604,14
"2019-06-18",2064,13
"2019-06-18",8000045,13
"2019-06-18",1052,12
"2019-06-18",2100,12
"2019-06-18",1600,11
"2019-06-18",6522,11
"2019-06-18",6020,10
"2019-06-18",7100057,10
"2019-06-18",7100075,10
"2019-06-18",20002,9
"2019-06-18",7300015,9
"2019-06-18",8700020,9
"2019-06-18",8800010,9
"2019-06-18",7700020,8
"2019-06-18",9013,8
"2019-06-18",30000,7
"2019-06-18",7100079,7
"2019-06-18",7700016,7
"2019-06-18",7900006,7
"2019-06-18",8000001,7
"2019-06-18",20008,6
"2019-06-18",5000413,6
"2019-06-18",6017,6
"2019-06-18",7100061,6
"2019-06-18",7700048,6
"2019-06-18",6508,5
"2019-06-18",7100074,5
"2019-06-18",7100078,5
"2019-06-18",8700017,5
"2019-06-18",9058,5
"2019-06-18",9106,5
"2019-06-18",2612,4
"2019-06-18",6019,4
"2019-06-18",6021,4
"2019-06-18",7100060,4
"2019-06-18",7700019,4
"2019-06-18",9010,4
"2019-06-18",9049,4
"2019-06-18",7100055,3
"2019-06-18",7300018,3
"2019-06-18",8000032,3
"2019-06-18",9052,3
"2019-06-18",9103,3
"2019-06-18",2050,2
"2019-06-18",5000074,2
"2019-06-18",5000891,2
"2019-06-18",6000072,2
"2019-06-18",6018,2
"2019-06-18",7100056,2
"2019-06-18",7100076,2
"2019-06-18",7300016,2
"2019-06-18",7700017,2
"2019-06-18",7700021,2
"2019-06-18",7700057,2
"2019-06-18",8000040,2
"2019-06-18",8000047,2
"2019-06-18",9011,2
"2019-06-18",9105,2
"2019-06-18",1806,1
"2019-06-18",2602,1
"2019-06-18",2606,1
"2019-06-18",2610,1
"2019-06-18",2614,1
"2019-06-18",27001,1
"2019-06-18",7100058,1
"2019-06-18",7100059,1
"2019-06-18",7100062,1
"2019-06-18",7700061,1
"2019-06-18",8000037,1
"2019-06-18",8000041,1
"2019-06-18",8000049,1
"2019-06-18",8000061,1
"2019-06-18",8600009,1
"2019-06-18",8600010,1
"2019-06-18",8600016,1
"2019-06-18",8700004,1
"2019-06-18",8700006,1
"2019-06-18",8700010,1
"2019-06-18",8800002,1
"2019-06-19",9008,435
"2019-06-19",6012,289
"2019-06-19",1050,102
"2019-06-19",2106,86
"2019-06-19",7100023,77
"2019-06-19",1804,76
"2019-06-19",6013,70
"2019-06-19",6011,63
"2019-06-19",1700,46
"2019-06-19",7100022,45
"2019-06-19",7100036,41
"2019-06-19",8800008,38
"2019-06-19",7300014,33
"2019-06-19",7300024,33
"2019-06-19",8000045,33
"2019-06-19",6020,31
"2019-06-19",8000007,30
"2019-06-19",7300001,26
"2019-06-19",1052,24
"2019-06-19",2064,24
"2019-06-19",2100,22
"2019-06-19",6522,21
"2019-06-19",7300015,20
"2019-06-19",7100079,19
"2019-06-19",8000043,19
"2019-06-19",20006,18
"2019-06-19",30000,18
"2019-06-19",7100021,18
"2019-06-19",7900006,18
"2019-06-19",8000012,18
"2019-06-19",8000013,18
"2019-06-19",7100033,17
"2019-06-19",20002,16
"2019-06-19",2604,15
"2019-06-19",7100061,15
"2019-06-19",7100075,14
"2019-06-19",9058,14
"2019-06-19",7700020,13
"2019-06-19",20000,12
"2019-06-19",8000001,11
"2019-06-19",8700020,11
"2019-06-19",7100057,10
"2019-06-19",9103,10
"2019-06-19",1600,9
"2019-06-19",7700048,9
"2019-06-19",8800010,9
"2019-06-19",9010,9
"2019-06-19",2612,8
"2019-06-19",6508,8
"2019-06-19",7100060,8
"2019-06-19",8000032,8
"2019-06-19",9013,8
"2019-06-19",7100055,7
"2019-06-19",7100074,7
"2019-06-19",7700016,7
"2019-06-19",7700050,7
"2019-06-19",2610,6
"2019-06-19",5000891,6
"2019-06-19",7100056,6
"2019-06-19",7300018,6
"2019-06-19",8700017,6
"2019-06-19",9106,6
"2019-06-19",2050,5
"2019-06-19",2602,5
"2019-06-19",5000413,5
"2019-06-19",6017,5
"2019-06-19",6019,5
"2019-06-19",7100078,5
"2019-06-19",7700071,5
"2019-06-19",6018,4
"2019-06-19",7100058,4
"2019-06-19",7700017,4
"2019-06-19",7700049,4
"2019-06-19",8000037,4
"2019-06-19",8800001,4
"2019-06-19",9049,4
"2019-06-19",9052,4
"2019-06-19",20008,3
"2019-06-19",6000072,3
"2019-06-19",6021,3
"2019-06-19",7700019,3
"2019-06-19",8000040,3
"2019-06-19",8000047,3
"2019-06-19",8600010,3
"2019-06-19",27001,2
"2019-06-19",27002,2
"2019-06-19",7100059,2
"2019-06-19",7300016,2
"2019-06-19",7700058,2
"2019-06-19",8000048,2
"2019-06-19",8800002,2
"2019-06-19",9011,2
"2019-06-19",9105,2
"2019-06-19",2606,1
"2019-06-19",2614,1
"2019-06-19",2700,1
"2019-06-19",3102,1
"2019-06-19",5000074,1
"2019-06-19",7100062,1
"2019-06-19",7100076,1
"2019-06-19",7300022,1
"2019-06-19",7700021,1
"2019-06-19",7700055,1
"2019-06-19",8000041,1
"2019-06-19",8000061,1
"2019-06-19",8700001,1
"2019-06-19",8700010,1
"2019-06-19",8700012,1
"2019-06-19",8700019,1
"2019-06-19",9059,1
"2019-06-19",9102,1
"2019-06-20",9008,509
"2019-06-20",6012,370
"2019-06-20",2106,119
"2019-06-20",1804,109
"2019-06-20",1050,105
"2019-06-20",7100023,96
"2019-06-20",6011,84
"2019-06-20",6013,55
"2019-06-20",7300014,52
"2019-06-20",7100022,46
"2019-06-20",1700,41
"2019-06-20",2100,37
"2019-06-20",7300024,37
"2019-06-20",8000007,37
"2019-06-20",30000,34
"2019-06-20",7900006,34
"2019-06-20",7100036,33
"2019-06-20",7300001,33
"2019-06-20",8000013,30
"2019-06-20",8800008,30
"2019-06-20",1052,28
"2019-06-20",6020,28
"2019-06-20",20000,27
"2019-06-20",20006,27
"2019-06-20",9058,27
"2019-06-20",20002,25
"2019-06-20",2604,22
"2019-06-20",7700020,22
"2019-06-20",8700020,22
"2019-06-20",8000012,20
"2019-06-20",2064,19
"2019-06-20",7100021,19
"2019-06-20",8000045,19
"2019-06-20",1600,18
"2019-06-20",8700017,18
"2019-06-20",7100033,17
"2019-06-20",8000001,17
"2019-06-20",5000413,16
"2019-06-20",7100079,15
"2019-06-20",2602,14
"2019-06-20",8000043,14
"2019-06-20",6508,13
"2019-06-20",7100057,12
"2019-06-20",7100075,12
"2019-06-20",7700017,12
"2019-06-20",9049,11
"2019-06-20",7700048,10
"2019-06-20",7700071,10
"2019-06-20",8800010,10
"2019-06-20",7700016,9
"2019-06-20",7700019,9
"2019-06-20",5000074,8
"2019-06-20",6522,8
"2019-06-20",2612,7
"2019-06-20",7100061,7
"2019-06-20",8000032,7
"2019-06-20",6000072,6
"2019-06-20",7100055,6
"2019-06-20",7100060,6
"2019-06-20",7700021,6
"2019-06-20",8600010,6
"2019-06-20",7100056,5
"2019-06-20",7100058,5
"2019-06-20",7100078,5
"2019-06-20",7700050,5
"2019-06-20",8000040,5
"2019-06-20",9105,5
"2019-06-20",5000891,4
"2019-06-20",7100074,4
"2019-06-20",7300015,4
"2019-06-20",20008,3
"2019-06-20",2050,3
"2019-06-20",6017,3
"2019-06-20",7300018,3
"2019-06-20",8800001,3
"2019-06-20",9103,3
"2019-06-20",9106,3
"2019-06-20",1806,2
"2019-06-20",2614,2
"2019-06-20",6018,2
"2019-06-20",7100062,2
"2019-06-20",7100076,2
"2019-06-20",8000037,2
"2019-06-20",8000041,2
"2019-06-20",8600016,2
"2019-06-20",8700004,2
"2019-06-20",9010,2
"2019-06-20",2610,1
"2019-06-20",2700,1
"2019-06-20",5000076,1
"2019-06-20",6019,1
"2019-06-20",7100059,1
"2019-06-20",7700049,1
"2019-06-20",7700062,1
"2019-06-20",8000046,1
"2019-06-20",8000061,1
"2019-06-20",8550011,1
"2019-06-20",8600009,1
"2019-06-20",8600011,1
"2019-06-20",8700006,1
"2019-06-20",8700015,1
"2019-06-20",8800002,1
"2019-06-20",9011,1
"2019-06-21",9008,550
"2019-06-21",6012,397
"2019-06-21",1050,150
"2019-06-21",2106,122
"2019-06-21",7100023,115
"2019-06-21",1804,102
"2019-06-21",6011,88
"2019-06-21",6013,78
"2019-06-21",7100022,60
"2019-06-21",2100,49
"2019-06-21",7300001,48
"2019-06-21",7300014,48
"2019-06-21",2700,46
"2019-06-21",8000007,43
"2019-06-21",30000,42
"2019-06-21",7900006,42
"2019-06-21",1700,39
"2019-06-21",2064,38
"2019-06-21",7100036,34
"2019-06-21",8000012,34
"2019-06-21",1052,33
"2019-06-21",20006,33
"2019-06-21",7300015,33
"2019-06-21",7300024,32
"2019-06-21",8800008,32
"2019-06-21",9058,32
"2019-06-21",20000,29
"2019-06-21",8700017,27
"2019-06-21",20002,26
"2019-06-21",8000013,26
"2019-06-21",7100021,25
"2019-06-21",6020,23
"2019-06-21",8700020,21
"2019-06-21",7700048,20
"2019-06-21",7700020,19
"2019-06-21",7100079,17
"2019-06-21",8000001,17
"2019-06-21",9049,17
"2019-06-21",1600,16
"2019-06-21",7100057,16
"2019-06-21",7100075,16
"2019-06-21",7100033,15
"2019-06-21",2604,14
"2019-06-21",6522,14
"2019-06-21",7700050,14
"2019-06-21",6508,13
"2019-06-21",7700071,13
"2019-06-21",8800010,13
"2019-06-21",9010,13
"2019-06-21",7700017,12
"2019-06-21",8000043,12
"2019-06-21",7100074,11
"2019-06-21",8000045,10
"2019-06-21",5000413,9
"2019-06-21",7100061,9
"2019-06-21",9106,9
"2019-06-21",7100056,8
"2019-06-21",7100060,8
"2019-06-21",7300018,8
"2019-06-21",7700016,8
"2019-06-21",9052,8
"2019-06-21",2602,7
"2019-06-21",2610,7
"2019-06-21",7100055,7
"2019-06-21",9013,7
"2019-06-21",20008,6
"2019-06-21",5000074,6
"2019-06-21",7100078,6
"2019-06-21",9105,6
"2019-06-21",6017,5
"2019-06-21",6019,5
"2019-06-21",7700019,5
"2019-06-21",8000032,5
"2019-06-21",2612,4
"2019-06-21",7100059,4
"2019-06-21",8800002,4
"2019-06-21",9011,4
"2019-06-21",9055,4
"2019-06-21",2050,3
"2019-06-21",5000891,3
"2019-06-21",7700021,3
"2019-06-21",7700049,3
"2019-06-21",8000047,3
"2019-06-21",8800001,3
"2019-06-21",9059,3
"2019-06-21",9103,3
"2019-06-21",20007,2
"2019-06-21",2606,2
"2019-06-21",6000072,2
"2019-06-21",6018,2
"2019-06-21",7100058,2
"2019-06-21",7100076,2
"2019-06-21",8000037,2
"2019-06-21",8000040,2
"2019-06-21",8600010,2
"2019-06-21",8600016,2
"2019-06-21",9014,2
"2019-06-21",1806,1
"2019-06-21",2614,1
"2019-06-21",27001,1
"2019-06-21",27002,1
"2019-06-21",27006,1
"2019-06-21",3102,1
"2019-06-21",6028,1
"2019-06-21",7100062,1
"2019-06-21",7300016,1
"2019-06-21",7300021,1
"2019-06-21",7700058,1
"2019-06-21",7700065,1
"2019-06-21",7700067,1
"2019-06-21",8000041,1
"2019-06-21",8000046,1
"2019-06-21",8000048,1
"2019-06-21",8600012,1
"2019-06-21",8700001,1
"2019-06-21",8700004,1
"2019-06-21",8700006,1
"2019-06-21",8700011,1
"2019-06-21",8700012,1
"2019-06-21",8700013,1
"2019-06-22",9008,512
"2019-06-22",6012,366
"2019-06-22",2106,115
"2019-06-22",7100023,108
"2019-06-22",1050,107
"2019-06-22",1804,90
"2019-06-22",6011,78
"2019-06-22",2700,76
"2019-06-22",6013,63
"2019-06-22",7100022,57
"2019-06-22",7300014,51
"2019-06-22",1700,45
"2019-06-22",2100,42
"2019-06-22",7300024,41
"2019-06-22",7300001,39
"2019-06-22",8000012,36
"2019-06-22",20006,32
"2019-06-22",30000,32
"2019-06-22",7900006,32
"2019-06-22",20000,30
"2019-06-22",20002,29
"2019-06-22",8800008,29
"2019-06-22",2064,27
"2019-06-22",7100036,25
"2019-06-22",8700020,25
"2019-06-22",1600,24
"2019-06-22",8000007,24
"2019-06-22",1052,22
"2019-06-22",7300015,22
"2019-06-22",8700017,22
"2019-06-22",7100033,21
"2019-06-22",8000013,20
"2019-06-22",9058,20
"2019-06-22",2604,19
"2019-06-22",6020,19
"2019-06-22",7100021,19
"2019-06-22",7700048,19
"2019-06-22",7700016,18
"2019-06-22",7700071,18
"2019-06-22",8000043,18
"2019-06-22",7700020,16
"2019-06-22",9049,15
"2019-06-22",7700017,14
"2019-06-22",7100079,13
"2019-06-22",8000001,13
"2019-06-22",6508,11
"2019-06-22",6522,11
"2019-06-22",6018,10
"2019-06-22",7100075,10
"2019-06-22",8800010,10
"2019-06-22",5000413,9
"2019-06-22",7100057,9
"2019-06-22",7100060,9
"2019-06-22",7100061,9
"2019-06-22",7700019,9
"2019-06-22",8000045,9
"2019-06-22",9103,9
"2019-06-22",7100074,8
"2019-06-22",5000074,7
"2019-06-22",6017,7
"2019-06-22",7100078,7
"2019-06-22",20008,6
"2019-06-22",2602,6
"2019-06-22",6000072,6
"2019-06-22",6019,6
"2019-06-22",7700021,6
"2019-06-22",8000032,6
"2019-06-22",8000040,6
"2019-06-22",9010,6
"2019-06-22",2612,5
"2019-06-22",27001,5
"2019-06-22",7100055,5
"2019-06-22",2050,4
"2019-06-22",7100056,4
"2019-06-22",7700049,4
"2019-06-22",8800001,4
"2019-06-22",8800002,4
"2019-06-22",9013,4
"2019-06-22",9105,4
"2019-06-22",2610,3
"2019-06-22",8000047,3
"2019-06-22",9011,3
"2019-06-22",9052,3
"2019-06-22",9106,3
"2019-06-22",1806,2
"2019-06-22",2614,2
"2019-06-22",6021,2
"2019-06-22",7100058,2
"2019-06-22",7300018,2
"2019-06-22",7700050,2
"2019-06-22",8000037,2
"2019-06-22",8000041,2
"2019-06-22",8000046,2
"2019-06-22",8000048,2
"2019-06-22",8000061,2
"2019-06-22",8700004,2
"2019-06-22",8700011,2
"2019-06-22",8700012,2
"2019-06-22",20007,1
"2019-06-22",27002,1
"2019-06-22",5000891,1
"2019-06-22",7100059,1
"2019-06-22",7100062,1
"2019-06-22",7100076,1
"2019-06-22",7300016,1
"2019-06-22",7300020,1
"2019-06-22",7700055,1
"2019-06-22",7700057,1
"2019-06-22",7700058,1
"2019-06-22",7700067,1
"2019-06-22",8000063,1
"2019-06-22",8600002,1
"2019-06-22",8600010,1
"2019-06-22",8600011,1
"2019-06-22",8600012,1
"2019-06-22",8700001,1
"2019-06-22",8700002,1
"2019-06-22",8700007,1
"2019-06-22",8700009,1
"2019-06-22",8700019,1
"2019-06-22",9055,1
"2019-06-23",9008,431
"2019-06-23",6012,305
"2019-06-23",1050,112
"2019-06-23",2106,99
"2019-06-23",6011,96
"2019-06-23",7100023,87
"2019-06-23",1804,76
"2019-06-23",2700,62
"2019-06-23",6013,53
"2019-06-23",7100022,48
"2019-06-23",7100036,42
"2019-06-23",1700,38
"2019-06-23",2100,37
"2019-06-23",30000,34
"2019-06-23",7900006,34
"2019-06-23",20000,32
"2019-06-23",7300014,32
"2019-06-23",20002,31
"2019-06-23",7300001,29
"2019-06-23",7300015,27
"2019-06-23",8000001,27
"2019-06-23",8800008,25
"2019-06-23",7100033,24
"2019-06-23",7300024,24
"2019-06-23",20006,23
"2019-06-23",8000007,23
"2019-06-23",2064,22
"2019-06-23",6020,22
"2019-06-23",2604,20
"2019-06-23",7100021,20
"2019-06-23",8000045,19
"2019-06-23",9058,19
"2019-06-23",1600,18
"2019-06-23",8000012,17
"2019-06-23",1052,15
"2019-06-23",8000013,15
"2019-06-23",7100057,14
"2019-06-23",7700071,14
"2019-06-23",7700020,12
"2019-06-23",7700048,11
"2019-06-23",8700020,11
"2019-06-23",9010,11
"2019-06-23",7100061,10
"2019-06-23",7100079,10
"2019-06-23",7700016,10
"2019-06-23",8700017,10
"2019-06-23",8000043,9
"2019-06-23",8800010,9
"2019-06-23",7100060,8
"2019-06-23",7700019,8
"2019-06-23",6508,7
"2019-06-23",7100075,7
"2019-06-23",2050,6
"2019-06-23",5000413,6
"2019-06-23",6522,6
"2019-06-23",9013,6
"2019-06-23",9049,6
"2019-06-23",6017,5
"2019-06-23",6019,5
"2019-06-23",7100055,5
"2019-06-23",7100078,5
"2019-06-23",8000040,5
"2019-06-23",9052,5
"2019-06-23",9103,5
"2019-06-23",2602,4
"2019-06-23",2610,4
"2019-06-23",7100074,4
"2019-06-23",7300018,4
"2019-06-23",7700017,4
"2019-06-23",8000047,4
"2019-06-23",8700004,4
"2019-06-23",2612,3
"2019-06-23",6018,3
"2019-06-23",7100056,3
"2019-06-23",7100058,3
"2019-06-23",7700049,3
"2019-06-23",8800001,3
"2019-06-23",9011,3
"2019-06-23",1806,2
"2019-06-23",5000074,2
"2019-06-23",7700058,2
"2019-06-23",8000032,2
"2019-06-23",9014,2
"2019-06-23",9105,2
"2019-06-23",9106,2
"2019-06-23",20008,1
"2019-06-23",2614,1
"2019-06-23",6000072,1
"2019-06-23",6021,1
"2019-06-23",7100059,1
"2019-06-23",7100062,1
"2019-06-23",7300016,1
"2019-06-23",7700021,1
"2019-06-23",7700050,1
"2019-06-23",7700056,1
"2019-06-23",7700061,1
"2019-06-23",7700062,1
"2019-06-23",8000037,1
"2019-06-23",8000041,1
"2019-06-23",8000046,1
"2019-06-23",8000048,1
"2019-06-23",8000061,1
"2019-06-23",8550011,1
"2019-06-23",8600010,1
"2019-06-23",8800012,1
"2019-06-23",9055,1
"2019-06-23",9059,1
"2019-06-24",9008,356
"2019-06-24",6012,233
"2019-06-24",2106,67
"2019-06-24",1050,65
"2019-06-24",7100023,62
"2019-06-24",1804,60
"2019-06-24",6013,57
"2019-06-24",2700,40
"2019-06-24",6011,38
"2019-06-24",8000007,34
"2019-06-24",7100022,31
"2019-06-24",1700,28
"2019-06-24",7300014,28
"2019-06-24",7100036,27
"2019-06-24",8000012,27
"2019-06-24",8800008,26
"2019-06-24",7300024,23
"2019-06-24",20006,21
"2019-06-24",2604,19
"2019-06-24",8000013,19
"2019-06-24",2100,18
"2019-06-24",7300001,18
"2019-06-24",1052,17
"2019-06-24",7100021,17
"2019-06-24",7700071,17
"2019-06-24",6020,16
"2019-06-24",8700017,16
"2019-06-24",7100033,15
"2019-06-24",20002,14
"2019-06-24",2064,14
"2019-06-24",20000,13
"2019-06-24",8700020,13
"2019-06-24",1600,10
"2019-06-24",8000001,10
"2019-06-24",8000043,10
"2019-06-24",8000045,10
"2019-06-24",7100060,9
"2019-06-24",8800010,9
"2019-06-24",5000074,8
"2019-06-24",7100061,8
"2019-06-24",7100079,8
"2019-06-24",7700048,8
"2019-06-24",30000,6
"2019-06-24",6017,6
"2019-06-24",7100056,6
"2019-06-24",7100078,6
"2019-06-24",7700017,6
"2019-06-24",7700020,6
"2019-06-24",7900006,6
"2019-06-24",2610,5
"2019-06-24",7100057,5
"2019-06-24",7100074,5
"2019-06-24",7100075,5
"2019-06-24",7700019,5
"2019-06-24",9010,5
"2019-06-24",9058,5
"2019-06-24",2612,4
"2019-06-24",5000413,4
"2019-06-24",7300015,4
"2019-06-24",7700016,4
"2019-06-24",8000040,4
"2019-06-24",20008,3
"2019-06-24",2602,3
"2019-06-24",6018,3
"2019-06-24",6508,3
"2019-06-24",6522,3
"2019-06-24",7100055,3
"2019-06-24",7100062,3
"2019-06-24",8000032,3
"2019-06-24",8600016,3
"2019-06-24",8800002,3
"2019-06-24",9059,3
"2019-06-24",5000891,2
"2019-06-24",6019,2
"2019-06-24",7300018,2
"2019-06-24",7700049,2
"2019-06-24",8600010,2
"2019-06-24",9049,2
"2019-06-24",9103,2
"2019-06-24",9106,2
"2019-06-24",2050,1
"2019-06-24",2614,1
"2019-06-24",27001,1
"2019-06-24",6021,1
"2019-06-24",7100058,1
"2019-06-24",7100059,1
"2019-06-24",7100076,1
"2019-06-24",7300016,1
"2019-06-24",7700050,1
"2019-06-24",8000037,1
"2019-06-24",8000047,1
"2019-06-24",8000061,1
"2019-06-24",8600002,1
"2019-06-24",8700004,1
"2019-06-24",8700006,1
"2019-06-24",8700010,1
"2019-06-24",8700011,1
"2019-06-24",8700012,1
"2019-06-24",8700015,1
"2019-06-24",8800001,1
"2019-06-24",9014,1
"2019-06-24",9052,1
"2019-06-24",9105,1
"2019-06-25",9008,352
"2019-06-25",6012,246
"2019-06-25",7100023,85
"2019-06-25",1050,77
"2019-06-25",1804,74
"2019-06-25",2106,73
"2019-06-25",2700,56
"2019-06-25",6011,51
"2019-06-25",6013,47
"2019-06-25",8000007,36
"2019-06-25",7100022,35
"2019-06-25",8800008,35
"2019-06-25",1700,29
"2019-06-25",20002,28
"2019-06-25",7100036,27
"2019-06-25",7100021,23
"2019-06-25",7300024,23
"2019-06-25",6020,22
"2019-06-25",7300014,21
"2019-06-25",1052,19
"2019-06-25",20006,18
"2019-06-25",8000013,17
"2019-06-25",20000,16
"2019-06-25",7300001,16
"2019-06-25",8000012,16
"2019-06-25",2064,15
"2019-06-25",2604,14
"2019-06-25",7100033,14
"2019-06-25",2100,13
"2019-06-25",7300015,13
"2019-06-25",7700020,12
"2019-06-25",7100055,11
"2019-06-25",7100079,11
"2019-06-25",7700071,11
"2019-06-25",8000043,11
"2019-06-25",1600,10
"2019-06-25",7700048,10
"2019-06-25",8700020,10
"2019-06-25",7100057,9
"2019-06-25",7700016,9
"2019-06-25",8700017,9
"2019-06-25",8800010,9
"2019-06-25",8000001,8
"2019-06-25",7700017,7
"2019-06-25",6508,6
"2019-06-25",7100061,6
"2019-06-25",9049,6
"2019-06-25",9106,6
"2019-06-25",6522,5
"2019-06-25",9010,5
"2019-06-25",9013,5
"2019-06-25",9105,5
"2019-06-25",7100060,4
"2019-06-25",20008,3
"2019-06-25",2610,3
"2019-06-25",27002,3
"2019-06-25",30000,3
"2019-06-25",5000074,3
"2019-06-25",5000413,3
"2019-06-25",5000891,3
"2019-06-25",7100058,3
"2019-06-25",7100075,3
"2019-06-25",7100078,3
"2019-06-25",7700021,3
"2019-06-25",7900006,3
"2019-06-25",8000032,3
"2019-06-25",8000037,3
"2019-06-25",8000040,3
"2019-06-25",8800001,3
"2019-06-25",9058,3
"2019-06-25",2602,2
"2019-06-25",2612,2
"2019-06-25",6000072,2
"2019-06-25",6017,2
"2019-06-25",6019,2
"2019-06-25",7300016,2
"2019-06-25",7300018,2
"2019-06-25",7700056,2
"2019-06-25",8000045,2
"2019-06-25",8000047,2
"2019-06-25",8700001,2
"2019-06-25",8700010,2
"2019-06-25",8800002,2
"2019-06-25",9103,2
"2019-06-25",1806,1
"2019-06-25",2050,1
"2019-06-25",6018,1
"2019-06-25",7100056,1
"2019-06-25",7100059,1
"2019-06-25",7100062,1
"2019-06-25",7100074,1
"2019-06-25",7300005,1
"2019-06-25",7700019,1
"2019-06-25",7700049,1
"2019-06-25",7700050,1
"2019-06-25",8000061,1
"2019-06-25",8600016,1
"2019-06-25",8700004,1
"2019-06-25",8700007,1
"2019-06-25",8700019,1
"2019-06-25",9011,1
"2019-06-25",9014,1
"2019-06-25",9101,1
"2019-06-26",9008,402
"2019-06-26",6012,291
"2019-06-26",2106,84
"2019-06-26",1050,83
"2019-06-26",1804,71
"2019-06-26",7100023,69
"2019-06-26",6011,53
"2019-06-26",6013,47
"2019-06-26",2700,45
"2019-06-26",7100022,45
"2019-06-26",8000007,36
"2019-06-26",1700,32
"2019-06-26",7300015,30
"2019-06-26",7100036,29
"2019-06-26",8800008,29
"2019-06-26",1052,24
"2019-06-26",7300014,24
"2019-06-26",8000012,24
"2019-06-26",20000,22
"2019-06-26",20002,22
"2019-06-26",7300001,22
"2019-06-26",2100,19
"2019-06-26",6020,19
"2019-06-26",2064,18
"2019-06-26",8000045,17
"2019-06-26",20006,16
"2019-06-26",7300024,16
"2019-06-26",8000043,16
"2019-06-26",7100057,15
"2019-06-26",2604,14
"2019-06-26",7100033,14
"2019-06-26",7100021,12
"2019-06-26",9010,12
"2019-06-26",8700020,11
"2019-06-26",1600,10
"2019-06-26",6522,10
"2019-06-26",8000013,10
"2019-06-26",8700017,10
"2019-06-26",8800010,10
"2019-06-26",9013,10
"2019-06-26",7100075,9
"2019-06-26",8000001,9
"2019-06-26",7100079,8
"2019-06-26",7700048,8
"2019-06-26",7700071,8
"2019-06-26",30000,7
"2019-06-26",7100056,7
"2019-06-26",7100060,7
"2019-06-26",7900006,7
"2019-06-26",9049,7
"2019-06-26",9058,7
"2019-06-26",2610,6
"2019-06-26",5000413,6
"2019-06-26",6508,6
"2019-06-26",7100074,6
"2019-06-26",9052,6
"2019-06-26",2602,5
"2019-06-26",6018,5
"2019-06-26",6019,5
"2019-06-26",7700016,5
"2019-06-26",7700017,5
"2019-06-26",9105,5
"2019-06-26",2612,4
"2019-06-26",27002,4
"2019-06-26",6017,4
"2019-06-26",7100058,4
"2019-06-26",7100059,4
"2019-06-26",7100061,4
"2019-06-26",7700019,4
"2019-06-26",7700020,4
"2019-06-26",8000041,4
"2019-06-26",9106,4
"2019-06-26",5000074,3
"2019-06-26",7100055,3
"2019-06-26",7300018,3
"2019-06-26",7700021,3
"2019-06-26",9103,3
"2019-06-26",7100076,2
"2019-06-26",7100078,2
"2019-06-26",8000032,2
"2019-06-26",8600010,2
"2019-06-26",8700001,2
"2019-06-26",1806,1
"2019-06-26",2050,1
"2019-06-26",2606,1
"2019-06-26",2614,1
"2019-06-26",6025,1
"2019-06-26",7100062,1
"2019-06-26",7300016,1
"2019-06-26",7700050,1
"2019-06-26",7700058,1
"2019-06-26",8000040,1
"2019-06-26",8000046,1
"2019-06-26",8550011,1
"2019-06-26",8600011,1
"2019-06-26",8600021,1
"2019-06-26",8700004,1
"2019-06-26",8700010,1
"2019-06-26",8700026,1
"2019-06-26",8800001,1
"2019-06-26",8800002,1
"2019-06-26",9011,1
"2019-06-26",9014,1
"2019-06-27",9008,413
"2019-06-27",6012,306
"2019-06-27",1050,115
"2019-06-27",1804,65
"2019-06-27",2106,60
"2019-06-27",7100023,60
"2019-06-27",6011,53
"2019-06-27",2700,48
"2019-06-27",6013,41
"2019-06-27",1700,36
"2019-06-27",7300024,32
"2019-06-27",7100022,31
"2019-06-27",7300015,31
"2019-06-27",7100036,30
"2019-06-27",8800008,29
"2019-06-27",7300014,27
"2019-06-27",1052,26
"2019-06-27",7100021,25
"2019-06-27",7300001,24
"2019-06-27",2100,23
"2019-06-27",8000007,22
"2019-06-27",20000,21
"2019-06-27",2064,21
"2019-06-27",20006,18
"2019-06-27",6020,18
"2019-06-27",2604,17
"2019-06-27",8000012,17
"2019-06-27",7700048,16
"2019-06-27",8000043,16
"2019-06-27",20002,15
"2019-06-27",7100033,15
"2019-06-27",7100075,14
"2019-06-27",8000013,14
"2019-06-27",8700017,14
"2019-06-27",1600,13
"2019-06-27",30000,13
"2019-06-27",7900006,13
"2019-06-27",8700020,13
"2019-06-27",7100057,11
"2019-06-27",9013,11
"2019-06-27",7100061,10
"2019-06-27",7100078,10
"2019-06-27",8000045,10
"2019-06-27",9010,10
"2019-06-27",9058,10
"2019-06-27",5000413,9
"2019-06-27",7100079,9
"2019-06-27",9105,9
"2019-06-27",6522,8
"2019-06-27",7100055,8
"2019-06-27",7100074,8
"2019-06-27",7700016,8
"2019-06-27",7700017,8
"2019-06-27",7700020,8
"2019-06-27",9049,8
"2019-06-27",5000074,7
"2019-06-27",8000001,7
"2019-06-27",20008,6
"2019-06-27",7300018,6
"2019-06-27",9103,6
"2019-06-27",6508,5
"2019-06-27",8800010,5
"2019-06-27",2050,4
"2019-06-27",2602,4
"2019-06-27",2612,4
"2019-06-27",6000072,4
"2019-06-27",7100060,4
"2019-06-27",7700019,4
"2019-06-27",8000032,4
"2019-06-27",8800001,4
"2019-06-27",9052,4
"2019-06-27",9106,4
"2019-06-27",2610,3
"2019-06-27",6018,3
"2019-06-27",7100056,3
"2019-06-27",7700021,3
"2019-06-27",8000041,3
"2019-06-27",6017,2
"2019-06-27",6019,2
"2019-06-27",6021,2
"2019-06-27",7100058,2
"2019-06-27",7100062,2
"2019-06-27",7700049,2
"2019-06-27",8000046,2
"2019-06-27",8800002,2
"2019-06-27",9011,2
"2019-06-27",1806,1
"2019-06-27",2606,1
"2019-06-27",2614,1
"2019-06-27",27001,1
"2019-06-27",5000076,1
"2019-06-27",5000891,1
"2019-06-27",6025,1
"2019-06-27",7100059,1
"2019-06-27",7100076,1
"2019-06-27",7700050,1
"2019-06-27",7700056,1
"2019-06-27",7700058,1
"2019-06-27",7700061,1
"2019-06-27",7700062,1
"2019-06-27",8000040,1
"2019-06-27",8600011,1
"2019-06-27",8700001,1
"2019-06-27",8700004,1
"2019-06-27",8700007,1
"2019-06-27",9014,1
"2019-06-27",9059,1
"2019-06-27",9104,1
"2019-06-28",9008,586
"2019-06-28",6012,417
"2019-06-28",1050,129
"2019-06-28",2106,124
"2019-06-28",7100023,89
"2019-06-28",6013,84
"2019-06-28",1804,79
"2019-06-28",7100022,60
"2019-06-28",6011,57
"2019-06-28",1700,52
"2019-06-28",6020,41
"2019-06-28",7100036,41
"2019-06-28",7300014,41
"2019-06-28",20006,40
"2019-06-28",1052,32
"2019-06-28",8800008,32
"2019-06-28",7100033,29
"2019-06-28",2064,28
"2019-06-28",7100021,28
"2019-06-28",1600,27
"2019-06-28",7100057,24
"2019-06-28",7700020,24
"2019-06-28",20000,22
"2019-06-28",7300001,22
"2019-06-28",8000013,22
"2019-06-28",20002,21
"2019-06-28",7100079,21
"2019-06-28",7300024,21
"2019-06-28",8000007,21
"2019-06-28",8700020,21
"2019-06-28",2604,20
"2019-06-28",7100061,20
"2019-06-28",2100,18
"2019-06-28",7300015,17
"2019-06-28",8000012,17
"2019-06-28",8000066,17
"2019-06-28",5000413,16
"2019-06-28",8000045,16
"2019-06-28",7100085,15
"2019-06-28",8000001,15
"2019-06-28",2602,14
"2019-06-28",2612,13
"2019-06-28",7100056,13
"2019-06-28",7700048,12
"2019-06-28",8000043,12
"2019-06-28",8800010,12
"2019-06-28",6522,11
"2019-06-28",7100055,11
"2019-06-28",7100060,11
"2019-06-28",8700017,11
"2019-06-28",30000,10
"2019-06-28",7100084,10
"2019-06-28",7900006,10
"2019-06-28",6017,9
"2019-06-28",1806,8
"2019-06-28",6018,8
"2019-06-28",9013,8
"2019-06-28",7100078,7
"2019-06-28",7700016,7
"2019-06-28",9105,7
"2019-06-28",9106,7
"2019-06-28",2700,6
"2019-06-28",5000074,6
"2019-06-28",7100059,6
"2019-06-28",7700050,6
"2019-06-28",7700072,6
"2019-06-28",8000032,6
"2019-06-28",8800001,5
"2019-06-28",20008,4
"2019-06-28",7100058,4
"2019-06-28",7300018,4
"2019-06-28",7700019,4
"2019-06-28",8000041,4
"2019-06-28",9010,4
"2019-06-28",6000072,3
"2019-06-28",6021,3
"2019-06-28",7100062,3
"2019-06-28",8800002,3
"2019-06-28",9011,3
"2019-06-28",9049,3
"2019-06-28",27001,2
"2019-06-28",7700017,2
"2019-06-28",7700049,2
"2019-06-28",8000046,2
"2019-06-28",8700006,2
"2019-06-28",8700019,2
"2019-06-28",9055,2
"2019-06-28",9058,2
"2019-06-28",9103,2
"2019-06-28",2610,1
"2019-06-28",2614,1
"2019-06-28",27002,1
"2019-06-28",5000891,1
"2019-06-28",6508,1
"2019-06-28",7100086,1
"2019-06-28",7300016,1
"2019-06-28",7300023,1
"2019-06-28",7700021,1
"2019-06-28",7700063,1
"2019-06-28",8000040,1
"2019-06-28",8000047,1
"2019-06-28",8000048,1
"2019-06-28",8000065,1
"2019-06-28",8550011,1
"2019-06-28",8600009,1
"2019-06-28",8600010,1
"2019-06-28",8600011,1
"2019-06-28",8600016,1
"2019-06-28",8600031,1
"2019-06-28",8700004,1
"2019-06-28",8700010,1
"2019-06-28",9052,1
"2019-06-28",9059,1
"2019-06-29",9008,550
"2019-06-29",6012,383
"2019-06-29",7100023,125
"2019-06-29",2106,123
"2019-06-29",1050,121
"2019-06-29",6013,95
"2019-06-29",1804,92
"2019-06-29",6011,84
"2019-06-29",2700,63
"2019-06-29",7100022,49
"2019-06-29",2100,45
"2019-06-29",8800008,42
"2019-06-29",1700,41
"2019-06-29",7100036,39
"2019-06-29",8000007,39
"2019-06-29",7300014,38
"2019-06-29",8000013,38
"2019-06-29",20006,36
"2019-06-29",2064,34
"2019-06-29",30000,33
"2019-06-29",7900006,33
"2019-06-29",1600,30
"2019-06-29",20000,30
"2019-06-29",1052,25
"2019-06-29",8000043,25
"2019-06-29",7100021,24
"2019-06-29",9049,24
"2019-06-29",20002,23
"2019-06-29",7300024,22
"2019-06-29",9058,22
"2019-06-29",7100033,21
"2019-06-29",7700048,21
"2019-06-29",8000012,21
"2019-06-29",6000072,20
"2019-06-29",6020,20
"2019-06-29",8000001,19
"2019-06-29",7700016,18
"2019-06-29",7100057,17
"2019-06-29",7700020,16
"2019-06-29",8700017,16
"2019-06-29",7300001,15
"2019-06-29",8000045,15
"2019-06-29",8700020,15
"2019-06-29",2604,14
"2019-06-29",7300015,13
"2019-06-29",2602,11
"2019-06-29",7100060,11
"2019-06-29",7100084,11
"2019-06-29",8000032,11
"2019-06-29",8000040,11
"2019-06-29",5000413,10
"2019-06-29",7100061,10
"2019-06-29",7100085,10
"2019-06-29",7700017,10
"2019-06-29",7700019,10
"2019-06-29",6508,9
"2019-06-29",7100079,9
"2019-06-29",7700072,9
"2019-06-29",8000037,9
"2019-06-29",1806,8
"2019-06-29",8800010,8
"2019-06-29",6018,7
"2019-06-29",7100055,7
"2019-06-29",7100056,7
"2019-06-29",9105,7
"2019-06-29",2612,6
"2019-06-29",5000074,6
"2019-06-29",8000066,6
"2019-06-29",6017,5
"2019-06-29",6522,5
"2019-06-29",7700021,5
"2019-06-29",8000046,5
"2019-06-29",9010,5
"2019-06-29",9013,5
"2019-06-29",9103,5
"2019-06-29",9106,5
"2019-06-29",7100078,4
"2019-06-29",7700050,4
"2019-06-29",2610,3
"2019-06-29",5000891,3
"2019-06-29",8000041,3
"2019-06-29",27002,2
"2019-06-29",6019,2
"2019-06-29",7100058,2
"2019-06-29",7100059,2
"2019-06-29",7300023,2
"2019-06-29",7700049,2
"2019-06-29",7700055,2
"2019-06-29",8000047,2
"2019-06-29",8000061,2
"2019-06-29",8600010,2
"2019-06-29",8700011,2
"2019-06-29",9052,2
"2019-06-29",2050,1
"2019-06-29",2614,1
"2019-06-29",27001,1
"2019-06-29",6021,1
"2019-06-29",7100086,1
"2019-06-29",7300018,1
"2019-06-29",7700056,1
"2019-06-29",7700062,1
"2019-06-29",8600016,1
"2019-06-29",8600031,1
"2019-06-29",8700005,1
"2019-06-29",8700012,1
"2019-06-29",8700019,1
"2019-06-29",8700026,1
"2019-06-29",8700048,1
"2019-06-29",8800001,1
"2019-06-29",8800002,1
"2019-06-29",9011,1
"2019-06-29",9014,1
"2019-06-29",9102,1
"2019-06-30",9008,421
"2019-06-30",6012,294
"2019-06-30",1050,108
"2019-06-30",7100023,97
"2019-06-30",2106,90
"2019-06-30",1804,86
"2019-06-30",6011,66
"2019-06-30",6013,60
"2019-06-30",2700,58
"2019-06-30",1700,40
"2019-06-30",20006,39
"2019-06-30",7100022,39
"2019-06-30",7300014,37
"2019-06-30",2064,34
"2019-06-30",2100,34
"2019-06-30",20000,33
"2019-06-30",6020,33
"2019-06-30",8000013,33
"2019-06-30",8000007,32
"2019-06-30",7100036,30
"2019-06-30",1600,28
"2019-06-30",30000,28
"2019-06-30",7900006,28
"2019-06-30",20002,26
"2019-06-30",7300015,26
"2019-06-30",7300024,25
"2019-06-30",7700020,25
"2019-06-30",8800008,25
"2019-06-30",7100021,24
"2019-06-30",8000043,24
"2019-06-30",7300001,22
"2019-06-30",7700048,22
"2019-06-30",9058,22
"2019-06-30",6000072,21
"2019-06-30",8700020,20
"2019-06-30",8000032,19
"2019-06-30",8700017,19
"2019-06-30",2602,18
"2019-06-30",9049,17
"2019-06-30",6508,16
"2019-06-30",8000001,16
"2019-06-30",8000045,16
"2019-06-30",8000012,15
"2019-06-30",1052,14
"2019-06-30",9010,13
"2019-06-30",2604,12
"2019-06-30",7100033,11
"2019-06-30",6522,10
"2019-06-30",7700019,10
"2019-06-30",7700050,10
"2019-06-30",7100084,9
"2019-06-30",7700021,9
"2019-06-30",7100057,8
"2019-06-30",7100060,8
"2019-06-30",7100061,8
"2019-06-30",7100078,8
"2019-06-30",7100079,8
"2019-06-30",9013,8
"2019-06-30",1806,7
"2019-06-30",7700017,7
"2019-06-30",2610,6
"2019-06-30",7100056,6
"2019-06-30",9105,6
"2019-06-30",2612,5
"2019-06-30",5000413,5
"2019-06-30",6017,5
"2019-06-30",6018,5
"2019-06-30",7700016,5
"2019-06-30",9103,5
"2019-06-30",9106,5
"2019-06-30",6021,4
"2019-06-30",7100085,4
"2019-06-30",7700049,4
"2019-06-30",8000047,4
"2019-06-30",8800001,4
"2019-06-30",8800010,4
"2019-06-30",6019,3
"2019-06-30",7100055,3
"2019-06-30",7300016,3
"2019-06-30",8000037,3
"2019-06-30",8000040,3
"2019-06-30",9011,3
"2019-06-30",20008,2
"2019-06-30",5000074,2
"2019-06-30",5000891,2
"2019-06-30",7100058,2
"2019-06-30",7700056,2
"2019-06-30",7700062,2
"2019-06-30",8600009,2
"2019-06-30",9059,2
"2019-06-30",2050,1
"2019-06-30",2614,1
"2019-06-30",6025,1
"2019-06-30",7100059,1
"2019-06-30",7300018,1
"2019-06-30",7300021,1
"2019-06-30",7300023,1
"2019-06-30",7300027,1
"2019-06-30",7700055,1
"2019-06-30",7700057,1
"2019-06-30",7700061,1
"2019-06-30",8000046,1
"2019-06-30",8000066,1
"2019-06-30",8600010,1
"2019-06-30",8600011,1
"2019-06-30",8600016,1
"2019-06-30",8600021,1
"2019-06-30",8700019,1
"2019-06-30",8800002,1
"2019-06-30",9052,1
"2019-06-30",9055,1
